-- phpMyAdmin SQL Dump
-- version 4.5.1
-- http://www.phpmyadmin.net
--
-- Host: 127.0.0.1
-- Generation Time: Aug 30, 2016 at 06:12 PM
-- Server version: 10.1.13-MariaDB
-- PHP Version: 7.0.6

SET SQL_MODE = "NO_AUTO_VALUE_ON_ZERO";
SET time_zone = "+00:00";


/*!40101 SET @OLD_CHARACTER_SET_CLIENT=@@CHARACTER_SET_CLIENT */;
/*!40101 SET @OLD_CHARACTER_SET_RESULTS=@@CHARACTER_SET_RESULTS */;
/*!40101 SET @OLD_COLLATION_CONNECTION=@@COLLATION_CONNECTION */;

--
-- Database: `db_bss_cfg`
--
CREATE DATABASE IF NOT EXISTS `db_bss_cfg` DEFAULT CHARACTER SET latin1 COLLATE latin1_swedish_ci;
USE `db_bss_cfg`;

-- --------------------------------------------------------

--
-- Table structure for table `data_pages`
--

DROP TABLE IF EXISTS `data_pages`;
CREATE TABLE IF NOT EXISTS `data_pages` (
  `id` int(11) NOT NULL AUTO_INCREMENT,
  `p_id` double DEFAULT NULL,
  `p_name` varchar(256) DEFAULT NULL,
  `p_link` varchar(256) DEFAULT NULL,
  `o_num` double DEFAULT NULL,
  PRIMARY KEY (`id`)
) ENGINE=MyISAM AUTO_INCREMENT=13 DEFAULT CHARSET=latin1 COMMENT='System Pages';

--
-- Dumping data for table `data_pages`
--

INSERT INTO `data_pages` (`id`, `p_id`, `p_name`, `p_link`, `o_num`) VALUES
(1, 0, 'SETTINGS', NULL, 1),
(2, 1, 'MANAGE PAGES', 'controller_pages/', 1),
(3, 1, 'MANAGE USERS', 'controller_user/', 2),
(4, 0, 'MAIN MENU', NULL, 2),
(5, 4, 'INCIDENT MANAGEMENT', 'controller_im/', 1),
(6, 10, 'LEAVE REQUEST', 'controller_lr/', 2),
(7, 4, 'ASSET MANAGEMENT', 'controller_asset/', 3),
(8, 4, 'SYSTEM MONITORING', 'controller_mon/', 4),
(12, 1, 'SAMPLE PAGE', 'controller_sample/', 3),
(9, 4, 'SERVICE MANAGEMENT', 'controller_sr/', 2),
(10, 0, 'SELF-SERVICE MENU', NULL, 3),
(11, 10, 'SERVICE REQUEST', 'controller_pubsr/', 1);

-- --------------------------------------------------------

--
-- Table structure for table `data_trx_logs`
--

DROP TABLE IF EXISTS `data_trx_logs`;
CREATE TABLE IF NOT EXISTS `data_trx_logs` (
  `id` int(11) NOT NULL AUTO_INCREMENT,
  `transaction_date` timestamp NOT NULL DEFAULT CURRENT_TIMESTAMP ON UPDATE CURRENT_TIMESTAMP,
  `username` varchar(256) NOT NULL,
  `activity` text NOT NULL,
  `ip_address` varchar(256) NOT NULL,
  PRIMARY KEY (`id`)
) ENGINE=MyISAM AUTO_INCREMENT=1003 DEFAULT CHARSET=latin1 COMMENT='System logs repository';

--
-- Dumping data for table `data_trx_logs`
--

INSERT INTO `data_trx_logs` (`id`, `transaction_date`, `username`, `activity`, `ip_address`) VALUES
(1, '2016-08-22 04:22:22', 'EDWARD.BRINAS', 'LOGGED TO SYSTEM', '127.0.0.1'),
(2, '2016-08-22 04:27:34', 'EDWARD.BRINAS', 'LOGGED OUT TO SYSTEM', '127.0.0.1'),
(3, '2016-08-22 04:28:39', 'ADMINISTRATOR', 'LOGGED TO SYSTEM', '127.0.0.1'),
(4, '2016-08-22 04:28:46', 'ADMINISTRATOR', 'VIEWED PAGE LIST MODULE', '127.0.0.1'),
(5, '2016-08-22 04:28:49', 'ADMINISTRATOR', 'VIEWED USER', '127.0.0.1'),
(6, '2016-08-22 04:35:41', 'ADMINISTRATOR', 'VIEWED USER', '127.0.0.1'),
(7, '2016-08-22 04:36:37', 'ADMINISTRATOR', 'VIEWED USER', '127.0.0.1'),
(8, '2016-08-22 04:45:34', 'ADMINISTRATOR', 'VIEWED USER', '127.0.0.1'),
(9, '2016-08-22 04:46:07', 'ADMINISTRATOR', 'VIEWED LEAVE REPORT MODULE', '127.0.0.1'),
(10, '2016-08-22 04:52:18', 'ADMINISTRATOR', 'VIEWED USER', '127.0.0.1'),
(11, '2016-08-22 04:56:22', 'ADMINISTRATOR', 'VIEWED USER', '127.0.0.1'),
(12, '2016-08-22 04:56:40', 'ADMINISTRATOR', 'VIEWED USER', '127.0.0.1'),
(13, '2016-08-22 04:59:34', 'ADMINISTRATOR', 'VIEWED USER', '127.0.0.1'),
(14, '2016-08-22 05:00:07', 'ADMINISTRATOR', 'VIEWED USER', '127.0.0.1'),
(15, '2016-08-22 05:01:24', 'ADMINISTRATOR', 'VIEWED USER', '127.0.0.1'),
(16, '2016-08-22 05:10:13', 'ADMINISTRATOR', 'VIEWED USER', '127.0.0.1'),
(17, '2016-08-22 05:18:27', 'ADMINISTRATOR', 'VIEWED LEAVE REPORT MODULE', '127.0.0.1'),
(18, '2016-08-22 11:17:42', '', 'SESSION TIMED OUT', '127.0.0.1'),
(19, '2016-08-22 11:18:48', 'ADMINISTRATOR', 'LOGGED TO SYSTEM', '127.0.0.1'),
(20, '2016-08-22 11:19:06', 'ADMINISTRATOR', 'VIEWED INCIDENT', '127.0.0.1'),
(21, '2016-08-22 11:19:15', 'ADMINISTRATOR', 'VIEWED MONITORING', '127.0.0.1'),
(22, '2016-08-22 11:19:34', 'ADMINISTRATOR', 'VIEWED SERVICE REQUEST', '127.0.0.1'),
(23, '2016-08-22 11:24:12', 'ADMINISTRATOR', 'VIEWED LEAVE REPORT MODULE', '127.0.0.1'),
(24, '2016-08-24 07:39:13', 'ADMINISTRATOR', 'LOGGED TO SYSTEM', '127.0.0.1'),
(25, '2016-08-24 16:27:16', 'ADMINISTRATOR', 'LOGGED TO SYSTEM', '127.0.0.1'),
(26, '2016-08-24 16:27:20', 'ADMINISTRATOR', 'VIEWED PAGE LIST MODULE', '127.0.0.1'),
(27, '2016-08-24 16:27:29', 'ADMINISTRATOR', 'VIEWED PAGE LIST MODULE', '127.0.0.1'),
(28, '2016-08-25 05:12:03', 'ADMINISTRATOR', 'LOGGED TO SYSTEM', '127.0.0.1'),
(29, '2016-08-25 05:12:08', 'ADMINISTRATOR', 'VIEWED INCIDENT', '127.0.0.1'),
(30, '2016-08-25 05:12:10', 'ADMINISTRATOR', 'VIEWED MONITORING', '127.0.0.1'),
(31, '2016-08-25 05:12:12', 'ADMINISTRATOR', 'VIEWED INVENTORY', '127.0.0.1'),
(32, '2016-08-25 09:46:49', 'ADMINISTRATOR', 'LOGGED TO SYSTEM', '127.0.0.1'),
(33, '2016-08-25 09:46:54', 'ADMINISTRATOR', 'VIEWED INVENTORY', '127.0.0.1'),
(34, '2016-08-25 09:47:19', 'ADMINISTRATOR', 'ADDED INVENTORY', '127.0.0.1'),
(35, '2016-08-25 09:47:21', 'ADMINISTRATOR', 'VIEWED INVENTORY', '127.0.0.1'),
(36, '2016-08-25 09:47:34', 'ADMINISTRATOR', 'MODIFIED INVENTORY', '127.0.0.1'),
(37, '2016-08-25 09:47:35', 'ADMINISTRATOR', 'VIEWED INVENTORY', '127.0.0.1'),
(38, '2016-08-25 09:49:22', 'ADMINISTRATOR', 'MODIFIED INVENTORY', '127.0.0.1'),
(39, '2016-08-25 09:49:24', 'ADMINISTRATOR', 'VIEWED INVENTORY', '127.0.0.1'),
(40, '2016-08-25 09:50:03', 'ADMINISTRATOR', 'MODIFIED INVENTORY', '127.0.0.1'),
(41, '2016-08-25 09:50:05', 'ADMINISTRATOR', 'VIEWED INVENTORY', '127.0.0.1'),
(42, '2016-08-25 09:55:41', 'ADMINISTRATOR', 'MODIFIED INVENTORY', '127.0.0.1'),
(43, '2016-08-25 10:21:55', 'ADMINISTRATOR', 'VIEWED LEAVE REPORT MODULE', '127.0.0.1'),
(44, '2016-08-29 06:47:09', 'ADMINISTRATOR', 'LOGGED TO SYSTEM', '127.0.0.1'),
(45, '2016-08-29 06:47:53', 'ADMINISTRATOR', '[USER - PUBLIC PROF] VIEWED MODULE', '127.0.0.1'),
(46, '2016-08-29 06:50:28', 'ADMINISTRATOR', '[USER - PUBLIC PROF] VIEWED MODULE', '127.0.0.1'),
(47, '2016-08-29 06:51:50', 'ADMINISTRATOR', '[USER - PUBLIC PROF] VIEWED MODULE', '127.0.0.1'),
(48, '2016-08-29 06:52:02', 'ADMINISTRATOR', '[USER - PUBLIC PROF] MODIFIED RECORD ID: 1', '127.0.0.1'),
(49, '2016-08-29 06:52:02', 'ADMINISTRATOR', '[USER - PUBLIC PROF] VIEWED MODULE', '127.0.0.1'),
(50, '2016-08-29 06:57:35', 'ADMINISTRATOR', '[USER - PUBLIC PROF] VIEWED MODULE', '127.0.0.1'),
(51, '2016-08-29 06:57:49', 'ADMINISTRATOR', '[USER - PUBLIC PROF] MODIFIED RECORD ID: 1', '127.0.0.1'),
(52, '2016-08-29 06:57:49', 'ADMINISTRATOR', '[USER - PUBLIC PROF] VIEWED MODULE', '127.0.0.1'),
(53, '2016-08-29 06:58:22', 'ADMINISTRATOR', '[USER - PUBLIC PROF] VIEWED MODULE', '127.0.0.1'),
(54, '2016-08-29 06:58:32', 'ADMINISTRATOR', '[USER - PUBLIC PROF] MODIFIED RECORD ID: 1', '127.0.0.1'),
(55, '2016-08-29 06:58:33', 'ADMINISTRATOR', '[USER - PUBLIC PROF] VIEWED MODULE', '127.0.0.1'),
(56, '2016-08-29 07:03:43', 'ADMINISTRATOR', 'LOGGED OUT TO SYSTEM', '127.0.0.1'),
(57, '2016-08-29 07:03:57', 'ADMINISTRATOR', 'LOGGED TO SYSTEM', '127.0.0.1'),
(58, '2016-08-29 07:04:00', 'ADMINISTRATOR', '[USER - PUBLIC PROF] VIEWED MODULE', '127.0.0.1'),
(59, '2016-08-29 07:04:10', 'ADMINISTRATOR', '[USER - PUBLIC PROF] MODIFIED RECORD ID: 1', '127.0.0.1'),
(60, '2016-08-29 07:04:12', 'ADMINISTRATOR', '[USER - PUBLIC PROF] VIEWED MODULE', '127.0.0.1'),
(61, '2016-08-29 07:38:00', 'ADMINISTRATOR', '[INCIDENT] VIEWED MASTERLIST', '127.0.0.1'),
(62, '2016-08-29 09:51:30', 'ADMINISTRATOR', '[LEAVE] VIEWED MASTERLIST', '127.0.0.1'),
(63, '2016-08-29 09:51:33', 'ADMINISTRATOR', '[LEAVE] VIEWED ADD RECORD', '127.0.0.1'),
(64, '2016-08-29 09:51:45', 'ADMINISTRATOR', '[LEAVE] ADDED RECORD ID: 1', '127.0.0.1'),
(65, '2016-08-29 09:51:45', 'ADMINISTRATOR', '[LEAVE] ADDED RECORD ID: 2', '127.0.0.1'),
(66, '2016-08-29 09:51:45', 'ADMINISTRATOR', '[LEAVE] ADDED RECORD ID: 3', '127.0.0.1'),
(67, '2016-08-29 09:51:45', 'ADMINISTRATOR', '[LEAVE] ADDED RECORD ID: 4', '127.0.0.1'),
(68, '2016-08-29 09:51:45', 'ADMINISTRATOR', '[LEAVE] ADDED RECORD ID: 5', '127.0.0.1'),
(69, '2016-08-29 09:51:45', 'ADMINISTRATOR', '[LEAVE] ADDED RECORD ID: 6', '127.0.0.1'),
(70, '2016-08-29 09:51:45', 'ADMINISTRATOR', '[LEAVE] ADDED RECORD ID: 7', '127.0.0.1'),
(71, '2016-08-29 09:51:45', 'ADMINISTRATOR', '[LEAVE] ADDED RECORD ID: 8', '127.0.0.1'),
(72, '2016-08-29 09:51:45', 'ADMINISTRATOR', '[LEAVE] ADDED RECORD ID: 9', '127.0.0.1'),
(73, '2016-08-29 09:51:45', 'ADMINISTRATOR', '[LEAVE] ADDED RECORD ID: 10', '127.0.0.1'),
(74, '2016-08-29 09:51:45', 'ADMINISTRATOR', '[LEAVE] ADDED RECORD ID: 11', '127.0.0.1'),
(75, '2016-08-29 09:51:45', 'ADMINISTRATOR', '[LEAVE] ADDED RECORD ID: 12', '127.0.0.1'),
(76, '2016-08-29 09:51:45', 'ADMINISTRATOR', '[LEAVE] ADDED RECORD ID: 13', '127.0.0.1'),
(77, '2016-08-29 09:51:45', 'ADMINISTRATOR', '[LEAVE] ADDED RECORD ID: 14', '127.0.0.1'),
(78, '2016-08-29 09:51:45', 'ADMINISTRATOR', '[LEAVE] ADDED RECORD ID: 15', '127.0.0.1'),
(79, '2016-08-29 09:51:45', 'ADMINISTRATOR', '[LEAVE] ADDED RECORD ID: 16', '127.0.0.1'),
(80, '2016-08-29 09:51:45', 'ADMINISTRATOR', '[LEAVE] ADDED RECORD ID: 17', '127.0.0.1'),
(81, '2016-08-29 09:51:45', 'ADMINISTRATOR', '[LEAVE] ADDED RECORD ID: 18', '127.0.0.1'),
(82, '2016-08-29 09:51:45', 'ADMINISTRATOR', '[LEAVE] ADDED RECORD ID: 19', '127.0.0.1'),
(83, '2016-08-29 09:51:45', 'ADMINISTRATOR', '[LEAVE] ADDED RECORD ID: 20', '127.0.0.1'),
(84, '2016-08-29 09:51:45', 'ADMINISTRATOR', '[LEAVE] ADDED RECORD ID: 21', '127.0.0.1'),
(85, '2016-08-29 09:51:45', 'ADMINISTRATOR', '[LEAVE] ADDED RECORD ID: 22', '127.0.0.1'),
(86, '2016-08-29 09:51:45', 'ADMINISTRATOR', '[LEAVE] ADDED RECORD ID: 23', '127.0.0.1'),
(87, '2016-08-29 09:51:45', 'ADMINISTRATOR', '[LEAVE] ADDED RECORD ID: 24', '127.0.0.1'),
(88, '2016-08-29 09:51:46', 'ADMINISTRATOR', '[LEAVE] VIEWED ADD RECORD', '127.0.0.1'),
(89, '2016-08-29 09:51:48', 'ADMINISTRATOR', '[LEAVE] VIEWED FOR APPROVAL MASTERLIST', '127.0.0.1'),
(90, '2016-08-29 09:59:19', 'ADMINISTRATOR', '[LEAVE] VIEWED FOR APPROVAL MASTERLIST', '127.0.0.1'),
(91, '2016-08-29 10:08:30', 'ADMINISTRATOR', '[LEAVE] VIEWED FOR APPROVAL MASTERLIST', '127.0.0.1'),
(92, '2016-08-29 10:08:56', 'ADMINISTRATOR', '[LEAVE] VIEWED FOR APPROVAL MASTERLIST', '127.0.0.1'),
(93, '2016-08-29 10:10:18', 'ADMINISTRATOR', '[LEAVE] VIEWED FOR APPROVAL MASTERLIST', '127.0.0.1'),
(94, '2016-08-29 10:11:12', 'ADMINISTRATOR', '[LEAVE] VIEWED FOR APPROVAL MASTERLIST', '127.0.0.1'),
(95, '2016-08-29 10:12:35', 'ADMINISTRATOR', '[LEAVE] VIEWED FOR APPROVAL MASTERLIST', '127.0.0.1'),
(96, '2016-08-29 10:14:15', 'ADMINISTRATOR', '[LEAVE] VIEWED FOR APPROVAL MASTERLIST', '127.0.0.1'),
(97, '2016-08-29 10:14:47', 'ADMINISTRATOR', '[LEAVE] VIEWED FOR APPROVAL MASTERLIST', '127.0.0.1'),
(98, '2016-08-29 10:15:57', 'ADMINISTRATOR', '[LEAVE] VIEWED FOR APPROVAL MASTERLIST', '127.0.0.1'),
(99, '2016-08-29 10:16:51', 'ADMINISTRATOR', '[LEAVE] VIEWED FOR APPROVAL MASTERLIST', '127.0.0.1'),
(100, '2016-08-29 10:22:13', 'ADMINISTRATOR', '[LEAVE] VIEWED FOR APPROVAL MASTERLIST', '127.0.0.1'),
(101, '2016-08-29 10:23:14', 'ADMINISTRATOR', '[LEAVE] VIEWED FOR APPROVAL MASTERLIST', '127.0.0.1'),
(102, '2016-08-29 10:23:22', 'ADMINISTRATOR', '[LEAVE] VIEWED FOR APPROVAL MASTERLIST', '127.0.0.1'),
(103, '2016-08-29 10:26:02', 'ADMINISTRATOR', '[LEAVE] VIEWED FOR APPROVAL MASTERLIST', '127.0.0.1'),
(104, '2016-08-29 10:26:07', 'ADMINISTRATOR', '[LEAVE] VIEWED FOR APPROVAL MASTERLIST', '127.0.0.1'),
(105, '2016-08-29 10:26:25', 'ADMINISTRATOR', '[LEAVE] VIEWED FOR APPROVAL MASTERLIST', '127.0.0.1'),
(106, '2016-08-29 10:26:59', 'ADMINISTRATOR', '[LEAVE] VIEWED FOR APPROVAL MASTERLIST', '127.0.0.1'),
(107, '2016-08-29 10:27:08', 'ADMINISTRATOR', '[LEAVE] VIEWED FOR APPROVAL MASTERLIST', '127.0.0.1'),
(108, '2016-08-29 10:32:38', 'ADMINISTRATOR', '[LEAVE] VIEWED FOR APPROVAL MASTERLIST', '127.0.0.1'),
(109, '2016-08-29 10:32:50', 'ADMINISTRATOR', 'ACCESS DENIED', '127.0.0.1'),
(110, '2016-08-29 10:33:32', 'ADMINISTRATOR', 'LOGGED TO SYSTEM', '127.0.0.1'),
(111, '2016-08-29 10:33:37', 'ADMINISTRATOR', '[LEAVE] VIEWED MASTERLIST', '127.0.0.1'),
(112, '2016-08-29 10:33:40', 'ADMINISTRATOR', '[LEAVE] VIEWED FOR APPROVAL MASTERLIST', '127.0.0.1'),
(113, '2016-08-29 10:33:46', 'ADMINISTRATOR', '[LEAVE] VIEWED FOR APPROVAL MASTERLIST', '127.0.0.1'),
(114, '2016-08-29 10:33:49', 'ADMINISTRATOR', '[LEAVE] VIEWED RECORD ID: 2016-08-29', '127.0.0.1'),
(115, '2016-08-29 10:33:53', 'ADMINISTRATOR', '[INCIDENT] VIEWED MASTERLIST', '127.0.0.1'),
(116, '2016-08-29 10:33:57', 'ADMINISTRATOR', '[USER] VIEWED MASTERLIST', '127.0.0.1'),
(117, '2016-08-29 10:34:01', 'ADMINISTRATOR', '[INCIDENT] VIEWED MASTERLIST', '127.0.0.1'),
(118, '2016-08-29 10:34:05', 'ADMINISTRATOR', '[ASSET] VIEWED MASTERLIST', '127.0.0.1'),
(119, '2016-08-29 10:34:08', 'ADMINISTRATOR', '[ASSET] VIEWED RECORD ID: 1', '127.0.0.1'),
(120, '2016-08-29 10:34:12', 'ADMINISTRATOR', '[ASSET] VIEWED ADD RECORD', '127.0.0.1'),
(121, '2016-08-29 10:34:40', 'ADMINISTRATOR', '[ASSET] ADDED RECORD ID: 2', '127.0.0.1'),
(122, '2016-08-29 10:34:41', 'ADMINISTRATOR', '[ASSET] VIEWED MASTERLIST', '127.0.0.1'),
(123, '2016-08-29 10:34:45', 'ADMINISTRATOR', '[ASSET] VIEWED RECORD ID: 1', '127.0.0.1'),
(124, '2016-08-29 10:34:49', 'ADMINISTRATOR', '[ASSET] VIEWED RECORD ID: 2', '127.0.0.1'),
(125, '2016-08-29 10:34:57', 'ADMINISTRATOR', '[ASSET] VIEWED RECORD ID: 1', '127.0.0.1'),
(126, '2016-08-29 10:35:01', 'ADMINISTRATOR', '[ASSET] VIEWED RECORD ID: 2', '127.0.0.1'),
(127, '2016-08-29 10:35:17', 'ADMINISTRATOR', '[ASSET] VIEWED RECORD ID: 1', '127.0.0.1'),
(128, '2016-08-29 10:35:21', 'ADMINISTRATOR', '[ASSET] VIEWED RECORD ID: 2', '127.0.0.1'),
(129, '2016-08-29 10:35:23', 'ADMINISTRATOR', '[ASSET] VIEWED EDIT RECORD ID: 1', '127.0.0.1'),
(130, '2016-08-29 10:35:37', 'ADMINISTRATOR', '[ASSET] MODIFIED RECORD ID: 1', '127.0.0.1'),
(131, '2016-08-29 10:35:37', 'ADMINISTRATOR', '[ASSET] VIEWED MASTERLIST', '127.0.0.1'),
(132, '2016-08-29 10:35:40', 'ADMINISTRATOR', '[ASSET] VIEWED RECORD ID: 1', '127.0.0.1'),
(133, '2016-08-29 10:41:15', 'ADMINISTRATOR', '[LEAVE] VIEWED MASTERLIST', '127.0.0.1'),
(134, '2016-08-29 10:41:18', 'ADMINISTRATOR', '[LEAVE] VIEWED FOR APPROVAL MASTERLIST', '127.0.0.1'),
(135, '2016-08-29 10:41:20', 'ADMINISTRATOR', '[LEAVE] VIEWED EDIT APPROVE RECORD ID: 2016-08-29', '127.0.0.1'),
(136, '2016-08-29 10:41:57', 'ADMINISTRATOR', '[LEAVE] VIEWED EDIT APPROVE RECORD ID: 2016-08-29', '127.0.0.1'),
(137, '2016-08-29 10:42:20', 'ADMINISTRATOR', '[LEAVE] VIEWED EDIT APPROVE RECORD ID: 2016-08-29', '127.0.0.1'),
(138, '2016-08-29 10:42:58', 'ADMINISTRATOR', '[LEAVE] VIEWED EDIT APPROVE RECORD ID: 2016-08-29', '127.0.0.1'),
(139, '2016-08-29 10:46:24', 'ADMINISTRATOR', '[LEAVE] VIEWED EDIT APPROVE RECORD ID: 2016-08-29', '127.0.0.1'),
(140, '2016-08-29 10:47:37', 'ADMINISTRATOR', '[LEAVE] VIEWED EDIT APPROVE RECORD ID: 2016-08-29', '127.0.0.1'),
(141, '2016-08-29 10:53:28', 'ADMINISTRATOR', '[LEAVE] VIEWED EDIT APPROVE RECORD ID: 2016-08-29', '127.0.0.1'),
(142, '2016-08-29 10:53:56', 'ADMINISTRATOR', '[LEAVE] VIEWED EDIT APPROVE RECORD ID: 2016-08-29', '127.0.0.1'),
(143, '2016-08-29 10:54:10', 'ADMINISTRATOR', '[LEAVE] VIEWED EDIT APPROVE RECORD ID: 2016-08-29', '127.0.0.1'),
(144, '2016-08-29 10:55:46', 'ADMINISTRATOR', '[LEAVE] VIEWED EDIT APPROVE RECORD ID: 2016-08-29', '127.0.0.1'),
(145, '2016-08-29 10:56:03', 'ADMINISTRATOR', '[LEAVE] VIEWED EDIT APPROVE RECORD ID: 2016-08-29', '127.0.0.1'),
(146, '2016-08-29 10:56:51', 'ADMINISTRATOR', '[LEAVE] VIEWED EDIT APPROVE RECORD ID: 2016-08-29', '127.0.0.1'),
(147, '2016-08-29 10:59:09', 'ADMINISTRATOR', '[LEAVE] VIEWED EDIT APPROVE RECORD ID: 2016-08-29', '127.0.0.1'),
(148, '2016-08-29 10:59:47', 'ADMINISTRATOR', '[LEAVE] VIEWED EDIT APPROVE RECORD ID: 2016-08-29', '127.0.0.1'),
(149, '2016-08-29 11:00:19', 'ADMINISTRATOR', '[LEAVE] VIEWED EDIT APPROVE RECORD ID: 2016-08-29', '127.0.0.1'),
(150, '2016-08-29 11:00:32', 'ADMINISTRATOR', '[LEAVE] VIEWED EDIT APPROVE RECORD ID: 2016-08-29', '127.0.0.1'),
(151, '2016-08-29 11:03:37', 'ADMINISTRATOR', '[LEAVE] VIEWED EDIT APPROVE RECORD ID: 2016-08-29', '127.0.0.1'),
(152, '2016-08-29 11:03:50', 'ADMINISTRATOR', '[LEAVE] VIEWED FOR APPROVAL MASTERLIST', '127.0.0.1'),
(153, '2016-08-29 11:03:52', 'ADMINISTRATOR', '[LEAVE] VIEWED EDIT APPROVE RECORD ID: 2016-08-29', '127.0.0.1'),
(154, '2016-08-29 11:04:33', 'ADMINISTRATOR', '[LEAVE] VIEWED EDIT APPROVE RECORD ID: 2016-08-29', '127.0.0.1'),
(155, '2016-08-29 11:05:01', 'ADMINISTRATOR', '[LEAVE] VIEWED EDIT APPROVE RECORD ID: 2016-08-29', '127.0.0.1'),
(156, '2016-08-29 11:05:06', 'ADMINISTRATOR', '[LEAVE] APPROVED RECORD ID: 2016-08-29', '127.0.0.1'),
(157, '2016-08-29 11:05:07', 'ADMINISTRATOR', '[LEAVE] VIEWED FOR APPROVAL MASTERLIST', '127.0.0.1'),
(158, '2016-08-29 11:05:26', 'ADMINISTRATOR', '[LEAVE] VIEWED EDIT APPROVE RECORD ID: 2016-08-29', '127.0.0.1'),
(159, '2016-08-29 11:06:46', 'ADMINISTRATOR', '[LEAVE] VIEWED FOR APPROVAL MASTERLIST', '127.0.0.1'),
(160, '2016-08-29 11:06:49', 'ADMINISTRATOR', '[LEAVE] VIEWED EDIT APPROVE RECORD ID: 2016-08-29', '127.0.0.1'),
(161, '2016-08-29 11:06:55', 'ADMINISTRATOR', '[LEAVE] VIEWED FOR APPROVAL MASTERLIST', '127.0.0.1'),
(162, '2016-08-29 11:07:07', 'ADMINISTRATOR', '[LEAVE] VIEWED EDIT APPROVE RECORD ID: 2016-08-29', '127.0.0.1'),
(163, '2016-08-29 11:07:11', 'ADMINISTRATOR', '[LEAVE] APPROVED RECORD ID: ', '127.0.0.1'),
(164, '2016-08-29 11:07:12', 'ADMINISTRATOR', '[LEAVE] VIEWED FOR APPROVAL MASTERLIST', '127.0.0.1'),
(165, '2016-08-29 11:14:17', 'ADMINISTRATOR', '[LEAVE] VIEWED FOR APPROVAL MASTERLIST', '127.0.0.1'),
(166, '2016-08-29 11:14:19', 'ADMINISTRATOR', '[LEAVE] VIEWED EDIT APPROVE RECORD ID: 2016-08-29', '127.0.0.1'),
(167, '2016-08-29 11:14:24', 'ADMINISTRATOR', '[LEAVE] APPROVED RECORD ID: ', '127.0.0.1'),
(168, '2016-08-29 11:14:25', 'ADMINISTRATOR', '[LEAVE] VIEWED FOR APPROVAL MASTERLIST', '127.0.0.1'),
(169, '2016-08-29 11:18:45', 'ADMINISTRATOR', '[LEAVE] VIEWED MY LEAVE MASTERLIST', '127.0.0.1'),
(170, '2016-08-29 11:19:09', 'ADMINISTRATOR', '[LEAVE] VIEWED MASTERLIST', '127.0.0.1'),
(171, '2016-08-29 11:19:42', 'ADMINISTRATOR', '[LEAVE] VIEWED CALENDAR RECORD MASTERLIST DATE 2016-08-31', '127.0.0.1'),
(172, '2016-08-29 11:19:46', 'ADMINISTRATOR', '[LEAVE] VIEWED CALENDAR RECORD MASTERLIST DATE 2016-08-30', '127.0.0.1'),
(173, '2016-08-29 11:20:21', 'ADMINISTRATOR', '[LEAVE] VIEWED CALENDAR RECORD MASTERLIST DATE 2016-08-31', '127.0.0.1'),
(174, '2016-08-29 11:20:25', 'ADMINISTRATOR', '[LEAVE] VIEWED MY LEAVE MASTERLIST', '127.0.0.1'),
(175, '2016-08-29 11:22:32', 'ADMINISTRATOR', '[LEAVE] VIEWED MY LEAVE MASTERLIST', '127.0.0.1'),
(176, '2016-08-29 11:22:42', 'ADMINISTRATOR', '[LEAVE] VIEWED MY LEAVE MASTERLIST', '127.0.0.1'),
(177, '2016-08-29 11:23:10', 'ADMINISTRATOR', '[LEAVE] VIEWED RECORD ID: 24', '127.0.0.1'),
(178, '2016-08-29 11:23:19', 'ADMINISTRATOR', '[LEAVE] VIEWED FOR APPROVAL MASTERLIST', '127.0.0.1'),
(179, '2016-08-29 11:24:07', 'ADMINISTRATOR', '[LEAVE] VIEWED FOR APPROVAL MASTERLIST', '127.0.0.1'),
(180, '2016-08-29 11:28:53', 'ADMINISTRATOR', '[LEAVE] VIEWED RECORD ID: 2016-08-29', '127.0.0.1'),
(181, '2016-08-29 11:28:55', 'ADMINISTRATOR', '[LEAVE] VIEWED RECORD ID: 2016-08-29', '127.0.0.1'),
(182, '2016-08-29 11:29:20', 'ADMINISTRATOR', '[LEAVE] VIEWED EDIT APPROVE DATE ID: 2016-08-29', '127.0.0.1'),
(183, '2016-08-29 11:29:22', 'ADMINISTRATOR', '[LEAVE] VIEWED FOR APPROVAL MASTERLIST', '127.0.0.1'),
(184, '2016-08-29 11:29:24', 'ADMINISTRATOR', '[LEAVE] VIEWED EDIT APPROVE DATE ID: 2016-08-29', '127.0.0.1'),
(185, '2016-08-29 11:31:11', 'ADMINISTRATOR', '[LEAVE] VIEWED EDIT APPROVE DATE ID: 2016-08-29', '127.0.0.1'),
(186, '2016-08-29 11:31:42', 'ADMINISTRATOR', '[LEAVE] VIEWED EDIT APPROVE DATE ID: 2016-08-29', '127.0.0.1'),
(187, '2016-08-29 11:31:59', 'ADMINISTRATOR', '[LEAVE] VIEWED EDIT APPROVE DATE ID: 2016-08-29', '127.0.0.1'),
(188, '2016-08-29 11:32:30', 'ADMINISTRATOR', '[LEAVE] VIEWED MY LEAVE MASTERLIST', '127.0.0.1'),
(189, '2016-08-29 11:32:35', 'ADMINISTRATOR', '[LEAVE] VIEWED RECORD ID: 18', '127.0.0.1'),
(190, '2016-08-29 11:32:41', 'ADMINISTRATOR', '[LEAVE] VIEWED FOR APPROVAL MASTERLIST', '127.0.0.1'),
(191, '2016-08-29 11:32:43', 'ADMINISTRATOR', '[LEAVE] VIEWED EDIT APPROVE DATE ID: 2016-08-29', '127.0.0.1'),
(192, '2016-08-29 11:32:50', 'ADMINISTRATOR', '[LEAVE] APPROVED RECORD ID: ', '127.0.0.1'),
(193, '2016-08-29 11:32:51', 'ADMINISTRATOR', '[LEAVE] VIEWED FOR APPROVAL MASTERLIST', '127.0.0.1'),
(194, '2016-08-29 11:32:53', 'ADMINISTRATOR', '[LEAVE] VIEWED MY LEAVE MASTERLIST', '127.0.0.1'),
(195, '2016-08-29 11:32:57', 'ADMINISTRATOR', '[LEAVE] VIEWED RECORD ID: 19', '127.0.0.1'),
(196, '2016-08-29 11:33:07', 'ADMINISTRATOR', '[LEAVE] VIEWED RECORD ID: 17', '127.0.0.1'),
(197, '2016-08-29 11:33:22', 'ADMINISTRATOR', '[LEAVE] VIEWED ADD RECORD', '127.0.0.1'),
(198, '2016-08-29 11:33:29', 'ADMINISTRATOR', '[LEAVE] VIEWED MASTERLIST', '127.0.0.1'),
(199, '2016-08-29 11:33:32', 'ADMINISTRATOR', '[LEAVE] VIEWED CALENDAR RECORD MASTERLIST DATE 2016-08-31', '127.0.0.1'),
(200, '2016-08-29 11:33:36', 'ADMINISTRATOR', '[LEAVE] VIEWED MASTERLIST', '127.0.0.1'),
(201, '2016-08-29 11:33:38', 'ADMINISTRATOR', '[LEAVE] VIEWED CALENDAR RECORD MASTERLIST DATE 2016-09-08', '127.0.0.1'),
(202, '2016-08-29 11:33:41', 'ADMINISTRATOR', '[LEAVE] VIEWED CALENDAR RECORD MASTERLIST DATE 2016-09-29', '127.0.0.1'),
(203, '2016-08-29 11:33:48', 'ADMINISTRATOR', 'LOGGED OUT TO SYSTEM', '127.0.0.1'),
(204, '2016-08-29 11:34:07', 'EDWARD.BRINAS', 'LOGGED TO SYSTEM', '127.0.0.1'),
(205, '2016-08-29 11:34:11', 'EDWARD.BRINAS', '[LEAVE] VIEWED MASTERLIST', '127.0.0.1'),
(206, '2016-08-29 11:34:13', 'EDWARD.BRINAS', '[LEAVE] VIEWED ADD RECORD', '127.0.0.1'),
(207, '2016-08-29 11:34:22', 'EDWARD.BRINAS', '[LEAVE] ADDED RECORD ID: 25', '127.0.0.1'),
(208, '2016-08-29 11:34:22', 'EDWARD.BRINAS', '[LEAVE] ADDED RECORD ID: 26', '127.0.0.1'),
(209, '2016-08-29 11:34:22', 'EDWARD.BRINAS', '[LEAVE] ADDED RECORD ID: 27', '127.0.0.1'),
(210, '2016-08-29 11:34:22', 'EDWARD.BRINAS', '[LEAVE] ADDED RECORD ID: 28', '127.0.0.1'),
(211, '2016-08-29 11:34:22', 'EDWARD.BRINAS', '[LEAVE] ADDED RECORD ID: 29', '127.0.0.1'),
(212, '2016-08-29 11:34:22', 'EDWARD.BRINAS', '[LEAVE] ADDED RECORD ID: 30', '127.0.0.1'),
(213, '2016-08-29 11:34:22', 'EDWARD.BRINAS', '[LEAVE] ADDED RECORD ID: 31', '127.0.0.1'),
(214, '2016-08-29 11:34:22', 'EDWARD.BRINAS', '[LEAVE] ADDED RECORD ID: 32', '127.0.0.1'),
(215, '2016-08-29 11:34:22', 'EDWARD.BRINAS', '[LEAVE] ADDED RECORD ID: 33', '127.0.0.1'),
(216, '2016-08-29 11:34:22', 'EDWARD.BRINAS', '[LEAVE] ADDED RECORD ID: 34', '127.0.0.1'),
(217, '2016-08-29 11:34:22', 'EDWARD.BRINAS', '[LEAVE] ADDED RECORD ID: 35', '127.0.0.1'),
(218, '2016-08-29 11:34:22', 'EDWARD.BRINAS', '[LEAVE] ADDED RECORD ID: 36', '127.0.0.1'),
(219, '2016-08-29 11:34:22', 'EDWARD.BRINAS', '[LEAVE] ADDED RECORD ID: 37', '127.0.0.1'),
(220, '2016-08-29 11:34:22', 'EDWARD.BRINAS', '[LEAVE] ADDED RECORD ID: 38', '127.0.0.1'),
(221, '2016-08-29 11:34:22', 'EDWARD.BRINAS', '[LEAVE] ADDED RECORD ID: 39', '127.0.0.1'),
(222, '2016-08-29 11:34:22', 'EDWARD.BRINAS', '[LEAVE] ADDED RECORD ID: 40', '127.0.0.1'),
(223, '2016-08-29 11:34:22', 'EDWARD.BRINAS', '[LEAVE] ADDED RECORD ID: 41', '127.0.0.1'),
(224, '2016-08-29 11:34:22', 'EDWARD.BRINAS', '[LEAVE] ADDED RECORD ID: 42', '127.0.0.1'),
(225, '2016-08-29 11:34:22', 'EDWARD.BRINAS', '[LEAVE] ADDED RECORD ID: 43', '127.0.0.1'),
(226, '2016-08-29 11:34:22', 'EDWARD.BRINAS', '[LEAVE] ADDED RECORD ID: 44', '127.0.0.1'),
(227, '2016-08-29 11:34:22', 'EDWARD.BRINAS', '[LEAVE] ADDED RECORD ID: 45', '127.0.0.1'),
(228, '2016-08-29 11:34:22', 'EDWARD.BRINAS', '[LEAVE] ADDED RECORD ID: 46', '127.0.0.1'),
(229, '2016-08-29 11:34:22', 'EDWARD.BRINAS', '[LEAVE] ADDED RECORD ID: 47', '127.0.0.1'),
(230, '2016-08-29 11:34:22', 'EDWARD.BRINAS', '[LEAVE] ADDED RECORD ID: 48', '127.0.0.1'),
(231, '2016-08-29 11:34:23', 'EDWARD.BRINAS', '[LEAVE] VIEWED ADD RECORD', '127.0.0.1'),
(232, '2016-08-29 11:34:27', 'EDWARD.BRINAS', '[LEAVE] VIEWED CALENDAR RECORD MASTERLIST DATE 2016-08-31', '127.0.0.1'),
(233, '2016-08-29 11:34:34', 'EDWARD.BRINAS', '[LEAVE] VIEWED MASTERLIST', '127.0.0.1'),
(234, '2016-08-29 11:34:36', 'EDWARD.BRINAS', '[LEAVE] VIEWED CALENDAR RECORD MASTERLIST DATE 2016-08-31', '127.0.0.1'),
(235, '2016-08-29 11:35:19', 'EDWARD.BRINAS', '[LEAVE] VIEWED MASTERLIST', '127.0.0.1'),
(236, '2016-08-29 11:35:22', 'EDWARD.BRINAS', '[LEAVE] VIEWED CALENDAR RECORD MASTERLIST DATE 2016-08-31', '127.0.0.1'),
(237, '2016-08-29 11:36:58', 'EDWARD.BRINAS', '[LEAVE] VIEWED CALENDAR RECORD MASTERLIST DATE 2016-08-31', '127.0.0.1'),
(238, '2016-08-29 11:37:26', 'EDWARD.BRINAS', '[LEAVE] VIEWED CALENDAR RECORD MASTERLIST DATE 2016-08-31', '127.0.0.1'),
(239, '2016-08-29 11:37:33', 'EDWARD.BRINAS', '[LEAVE] VIEWED MY LEAVE MASTERLIST', '127.0.0.1'),
(240, '2016-08-29 11:37:41', 'EDWARD.BRINAS', '[LEAVE] VIEWED EDIT RECORD ID: 46', '127.0.0.1'),
(241, '2016-08-29 11:41:06', 'EDWARD.BRINAS', '[LEAVE] MODIFIED RECORD ID: 46', '127.0.0.1'),
(242, '2016-08-29 11:41:37', 'EDWARD.BRINAS', '[LEAVE] VIEWED EDIT RECORD ID: 46', '127.0.0.1'),
(243, '2016-08-29 11:41:46', 'EDWARD.BRINAS', '[LEAVE] VIEWED EDIT RECORD ID: 46', '127.0.0.1'),
(244, '2016-08-29 11:42:44', 'EDWARD.BRINAS', '[LEAVE] VIEWED MY LEAVE MASTERLIST', '127.0.0.1'),
(245, '2016-08-29 11:42:53', 'EDWARD.BRINAS', '[LEAVE] VIEWED EDIT RECORD ID: 46', '127.0.0.1'),
(246, '2016-08-29 11:42:58', 'EDWARD.BRINAS', '[LEAVE] MODIFIED RECORD ID: 46', '127.0.0.1'),
(247, '2016-08-29 11:42:59', 'EDWARD.BRINAS', '[LEAVE] VIEWED MY LEAVE MASTERLIST', '127.0.0.1'),
(248, '2016-08-29 11:43:38', 'EDWARD.BRINAS', 'LOGGED OUT TO SYSTEM', '127.0.0.1'),
(249, '2016-08-29 11:43:56', 'ADMINISTRATOR', 'LOGGED TO SYSTEM', '127.0.0.1'),
(250, '2016-08-29 11:43:59', 'ADMINISTRATOR', '[LEAVE] VIEWED MASTERLIST', '127.0.0.1'),
(251, '2016-08-29 11:44:01', 'ADMINISTRATOR', '[LEAVE] VIEWED FOR APPROVAL MASTERLIST', '127.0.0.1'),
(252, '2016-08-29 11:44:04', 'ADMINISTRATOR', '[LEAVE] VIEWED EDIT APPROVE DATE ID: 2016-08-29', '127.0.0.1'),
(253, '2016-08-29 11:44:14', 'ADMINISTRATOR', '[LEAVE] VIEWED FOR APPROVAL MASTERLIST', '127.0.0.1'),
(254, '2016-08-29 11:44:19', 'ADMINISTRATOR', '[LEAVE] VIEWED EDIT APPROVE DATE ID: 2016-08-29', '127.0.0.1'),
(255, '2016-08-29 11:44:37', 'ADMINISTRATOR', '[LEAVE] VIEWED FOR APPROVAL MASTERLIST', '127.0.0.1'),
(256, '2016-08-29 11:45:08', 'ADMINISTRATOR', '[LEAVE] VIEWED EDIT APPROVE DATE ID: 2016-08-29', '127.0.0.1'),
(257, '2016-08-29 11:45:13', 'ADMINISTRATOR', '[LEAVE] VIEWED EDIT APPROVE DATE ID: 2016-08-29', '127.0.0.1'),
(258, '2016-08-29 11:45:18', 'ADMINISTRATOR', '[LEAVE] VIEWED FOR APPROVAL MASTERLIST', '127.0.0.1'),
(259, '2016-08-29 11:47:14', 'ADMINISTRATOR', '[LEAVE] VIEWED EDIT APPROVE DATE ID: 2016-08-29', '127.0.0.1'),
(260, '2016-08-29 11:49:40', 'ADMINISTRATOR', '[LEAVE] VIEWED EDIT APPROVE DATE ID: 2016-08-29', '127.0.0.1'),
(261, '2016-08-29 11:49:43', 'ADMINISTRATOR', '[LEAVE] VIEWED FOR APPROVAL MASTERLIST', '127.0.0.1'),
(262, '2016-08-29 11:49:45', 'ADMINISTRATOR', '[LEAVE] VIEWED EDIT APPROVE DATE ID: 2016-08-29', '127.0.0.1'),
(263, '2016-08-29 11:49:47', 'ADMINISTRATOR', '[LEAVE] VIEWED FOR APPROVAL MASTERLIST', '127.0.0.1'),
(264, '2016-08-29 11:49:52', 'ADMINISTRATOR', '[LEAVE] VIEWED EDIT APPROVE DATE ID: 2016-08-29', '127.0.0.1'),
(265, '2016-08-29 11:50:41', 'ADMINISTRATOR', '[LEAVE] VIEWED FOR APPROVAL MASTERLIST', '127.0.0.1'),
(266, '2016-08-29 11:50:44', 'ADMINISTRATOR', '[LEAVE] VIEWED EDIT APPROVE DATE ID: 2016-08-29', '127.0.0.1'),
(267, '2016-08-29 11:50:46', 'ADMINISTRATOR', '[LEAVE] VIEWED FOR APPROVAL MASTERLIST', '127.0.0.1'),
(268, '2016-08-29 11:50:50', 'ADMINISTRATOR', '[LEAVE] VIEWED EDIT APPROVE DATE ID: 2016-08-29', '127.0.0.1'),
(269, '2016-08-29 12:37:59', 'ADMINISTRATOR', '[LEAVE] VIEWED EDIT APPROVE DATE ID: 2016-08-29', '127.0.0.1'),
(270, '2016-08-29 12:38:02', 'ADMINISTRATOR', '[LEAVE] VIEWED FOR APPROVAL MASTERLIST', '127.0.0.1'),
(271, '2016-08-29 12:38:05', 'ADMINISTRATOR', '[LEAVE] VIEWED EDIT APPROVE DATE ID: 2016-08-29', '127.0.0.1'),
(272, '2016-08-29 12:38:25', 'ADMINISTRATOR', '[LEAVE] VIEWED EDIT APPROVE DATE ID: 2016-08-29', '127.0.0.1'),
(273, '2016-08-29 12:38:59', 'ADMINISTRATOR', '[LEAVE] VIEWED EDIT APPROVE DATE ID: 2016-08-29', '127.0.0.1'),
(274, '2016-08-29 12:39:13', 'ADMINISTRATOR', '[LEAVE] VIEWED FOR APPROVAL MASTERLIST', '127.0.0.1'),
(275, '2016-08-29 12:39:15', 'ADMINISTRATOR', '[LEAVE] VIEWED EDIT APPROVE DATE ID: 2016-08-29', '127.0.0.1'),
(276, '2016-08-29 12:40:48', 'ADMINISTRATOR', '[LEAVE] VIEWED FOR APPROVAL MASTERLIST', '127.0.0.1'),
(277, '2016-08-29 12:41:01', 'ADMINISTRATOR', 'LOGGED OUT TO SYSTEM', '127.0.0.1'),
(278, '2016-08-29 12:42:03', 'RONALDO.RONQUILLO', 'LOGGED TO SYSTEM', '127.0.0.1'),
(279, '2016-08-29 12:42:06', 'RONALDO.RONQUILLO', '[LEAVE] VIEWED MASTERLIST', '127.0.0.1'),
(280, '2016-08-29 12:42:09', 'RONALDO.RONQUILLO', '[LEAVE] VIEWED ADD RECORD', '127.0.0.1'),
(281, '2016-08-29 12:42:19', 'RONALDO.RONQUILLO', '[LEAVE] ADDED RECORD ID: 49', '127.0.0.1'),
(282, '2016-08-29 12:42:19', 'RONALDO.RONQUILLO', '[LEAVE] ADDED RECORD ID: 50', '127.0.0.1'),
(283, '2016-08-29 12:42:19', 'RONALDO.RONQUILLO', '[LEAVE] ADDED RECORD ID: 51', '127.0.0.1'),
(284, '2016-08-29 12:42:19', 'RONALDO.RONQUILLO', '[LEAVE] ADDED RECORD ID: 52', '127.0.0.1'),
(285, '2016-08-29 12:42:19', 'RONALDO.RONQUILLO', '[LEAVE] ADDED RECORD ID: 53', '127.0.0.1'),
(286, '2016-08-29 12:42:19', 'RONALDO.RONQUILLO', '[LEAVE] ADDED RECORD ID: 54', '127.0.0.1'),
(287, '2016-08-29 12:42:19', 'RONALDO.RONQUILLO', '[LEAVE] ADDED RECORD ID: 55', '127.0.0.1'),
(288, '2016-08-29 12:42:19', 'RONALDO.RONQUILLO', '[LEAVE] ADDED RECORD ID: 56', '127.0.0.1'),
(289, '2016-08-29 12:42:19', 'RONALDO.RONQUILLO', '[LEAVE] ADDED RECORD ID: 57', '127.0.0.1'),
(290, '2016-08-29 12:42:19', 'RONALDO.RONQUILLO', '[LEAVE] ADDED RECORD ID: 58', '127.0.0.1'),
(291, '2016-08-29 12:42:19', 'RONALDO.RONQUILLO', '[LEAVE] ADDED RECORD ID: 59', '127.0.0.1'),
(292, '2016-08-29 12:42:19', 'RONALDO.RONQUILLO', '[LEAVE] ADDED RECORD ID: 60', '127.0.0.1'),
(293, '2016-08-29 12:42:19', 'RONALDO.RONQUILLO', '[LEAVE] ADDED RECORD ID: 61', '127.0.0.1'),
(294, '2016-08-29 12:42:19', 'RONALDO.RONQUILLO', '[LEAVE] ADDED RECORD ID: 62', '127.0.0.1'),
(295, '2016-08-29 12:42:19', 'RONALDO.RONQUILLO', '[LEAVE] ADDED RECORD ID: 63', '127.0.0.1'),
(296, '2016-08-29 12:42:19', 'RONALDO.RONQUILLO', '[LEAVE] ADDED RECORD ID: 64', '127.0.0.1'),
(297, '2016-08-29 12:42:19', 'RONALDO.RONQUILLO', '[LEAVE] ADDED RECORD ID: 65', '127.0.0.1'),
(298, '2016-08-29 12:42:19', 'RONALDO.RONQUILLO', '[LEAVE] ADDED RECORD ID: 66', '127.0.0.1'),
(299, '2016-08-29 12:42:19', 'RONALDO.RONQUILLO', '[LEAVE] ADDED RECORD ID: 67', '127.0.0.1'),
(300, '2016-08-29 12:42:19', 'RONALDO.RONQUILLO', '[LEAVE] ADDED RECORD ID: 68', '127.0.0.1'),
(301, '2016-08-29 12:42:19', 'RONALDO.RONQUILLO', '[LEAVE] ADDED RECORD ID: 69', '127.0.0.1'),
(302, '2016-08-29 12:42:19', 'RONALDO.RONQUILLO', '[LEAVE] ADDED RECORD ID: 70', '127.0.0.1'),
(303, '2016-08-29 12:42:19', 'RONALDO.RONQUILLO', '[LEAVE] ADDED RECORD ID: 71', '127.0.0.1'),
(304, '2016-08-29 12:42:19', 'RONALDO.RONQUILLO', '[LEAVE] ADDED RECORD ID: 72', '127.0.0.1'),
(305, '2016-08-29 12:42:20', 'RONALDO.RONQUILLO', '[LEAVE] VIEWED ADD RECORD', '127.0.0.1'),
(306, '2016-08-29 12:42:36', 'RONALDO.RONQUILLO', 'LOGGED OUT TO SYSTEM', '127.0.0.1'),
(307, '2016-08-29 12:43:19', 'ADMINISTRATOR', 'LOGGED TO SYSTEM', '127.0.0.1'),
(308, '2016-08-29 13:03:51', 'ADMINISTRATOR', '[LEAVE] VIEWED MASTERLIST', '127.0.0.1'),
(309, '2016-08-29 13:03:53', 'ADMINISTRATOR', '[LEAVE] VIEWED FOR APPROVAL MASTERLIST', '127.0.0.1'),
(310, '2016-08-29 13:03:57', 'ADMINISTRATOR', '[LEAVE] VIEWED EDIT APPROVE DATE ID: 2016-08-29', '127.0.0.1'),
(311, '2016-08-29 13:04:03', 'ADMINISTRATOR', '[LEAVE] VIEWED FOR APPROVAL MASTERLIST', '127.0.0.1'),
(312, '2016-08-29 13:04:07', 'ADMINISTRATOR', '[LEAVE] VIEWED EDIT APPROVE DATE ID: 2016-08-29', '127.0.0.1'),
(313, '2016-08-29 13:24:45', 'ADMINISTRATOR', '[LEAVE] VIEWED FOR APPROVAL MASTERLIST', '127.0.0.1'),
(314, '2016-08-29 13:25:18', 'ADMINISTRATOR', '[LEAVE] VIEWED FOR APPROVAL MASTERLIST', '127.0.0.1'),
(315, '2016-08-29 13:32:58', 'ADMINISTRATOR', '[LEAVE] VIEWED FOR APPROVAL MASTERLIST', '127.0.0.1'),
(316, '2016-08-29 13:35:11', 'ADMINISTRATOR', '[LEAVE] VIEWED FOR APPROVAL MASTERLIST', '127.0.0.1'),
(317, '2016-08-29 13:35:14', 'ADMINISTRATOR', '[LEAVE] VIEWED FOR APPROVAL MASTERLIST', '127.0.0.1'),
(318, '2016-08-29 13:35:22', 'ADMINISTRATOR', '[LEAVE] VIEWED EDIT APPROVE DATE ID: 2016-08-29', '127.0.0.1'),
(319, '2016-08-29 13:35:53', 'ADMINISTRATOR', '[LEAVE] VIEWED EDIT APPROVE DATE ID: 2016-08-29', '127.0.0.1'),
(320, '2016-08-29 13:38:28', 'ADMINISTRATOR', 'ACCESS DENIED', '127.0.0.1'),
(321, '2016-08-29 13:38:47', 'ADMINISTRATOR', 'LOGGED TO SYSTEM', '127.0.0.1'),
(322, '2016-08-29 13:38:51', 'ADMINISTRATOR', '[LEAVE] VIEWED MASTERLIST', '127.0.0.1'),
(323, '2016-08-29 13:38:53', 'ADMINISTRATOR', '[LEAVE] VIEWED FOR APPROVAL MASTERLIST', '127.0.0.1'),
(324, '2016-08-29 13:38:58', 'ADMINISTRATOR', 'ACCESS DENIED', '127.0.0.1'),
(325, '2016-08-29 13:39:28', 'ADMINISTRATOR', 'LOGGED TO SYSTEM', '127.0.0.1'),
(326, '2016-08-29 13:39:31', 'ADMINISTRATOR', '[LEAVE] VIEWED MASTERLIST', '127.0.0.1'),
(327, '2016-08-29 13:39:33', 'ADMINISTRATOR', '[LEAVE] VIEWED FOR APPROVAL MASTERLIST', '127.0.0.1'),
(328, '2016-08-29 13:40:07', 'ADMINISTRATOR', '[LEAVE] VIEWED EDIT APPROVE DATE ID: 2016-08-29', '127.0.0.1'),
(329, '2016-08-29 13:41:03', 'ADMINISTRATOR', '[LEAVE] VIEWED EDIT APPROVE DATE ID: 2016-08-29', '127.0.0.1'),
(330, '2016-08-29 13:41:19', 'ADMINISTRATOR', '[LEAVE] VIEWED EDIT APPROVE DATE ID: 2016-08-29', '127.0.0.1'),
(331, '2016-08-29 13:42:24', 'ADMINISTRATOR', '[LEAVE] VIEWED EDIT APPROVE DATE ID: 2016-08-29', '127.0.0.1'),
(332, '2016-08-29 13:42:49', 'ADMINISTRATOR', '[LEAVE] VIEWED EDIT APPROVE DATE ID: 2016-08-29', '127.0.0.1'),
(333, '2016-08-29 13:43:18', 'ADMINISTRATOR', '[LEAVE] VIEWED EDIT APPROVE DATE ID: 2016-08-29', '127.0.0.1'),
(334, '2016-08-29 13:56:30', 'ADMINISTRATOR', '[LEAVE] VIEWED FOR APPROVAL MASTERLIST', '127.0.0.1'),
(335, '2016-08-29 13:58:43', 'ADMINISTRATOR', '[LEAVE] VIEWED FOR APPROVAL MASTERLIST', '127.0.0.1'),
(336, '2016-08-29 13:58:46', 'ADMINISTRATOR', '[LEAVE] VIEWED FOR APPROVAL MASTERLIST', '127.0.0.1'),
(337, '2016-08-29 14:00:15', 'ADMINISTRATOR', '[LEAVE] VIEWED FOR APPROVAL MASTERLIST', '127.0.0.1'),
(338, '2016-08-29 14:00:26', 'ADMINISTRATOR', '[LEAVE] VIEWED FOR APPROVAL MASTERLIST', '127.0.0.1'),
(339, '2016-08-29 14:00:36', 'ADMINISTRATOR', '[LEAVE] VIEWED FOR APPROVAL MASTERLIST', '127.0.0.1'),
(340, '2016-08-29 14:00:51', 'ADMINISTRATOR', '[LEAVE] VIEWED FOR APPROVAL MASTERLIST', '127.0.0.1'),
(341, '2016-08-29 14:01:30', 'ADMINISTRATOR', '[LEAVE] VIEWED FOR APPROVAL MASTERLIST', '127.0.0.1'),
(342, '2016-08-29 14:05:08', 'ADMINISTRATOR', '[LEAVE] VIEWED FOR APPROVAL MASTERLIST', '127.0.0.1'),
(343, '2016-08-29 14:05:48', 'ADMINISTRATOR', '[LEAVE] VIEWED FOR APPROVAL MASTERLIST', '127.0.0.1'),
(344, '2016-08-29 14:12:28', 'ADMINISTRATOR', '[LEAVE] VIEWED FOR APPROVAL MASTERLIST', '127.0.0.1'),
(345, '2016-08-29 14:12:34', 'ADMINISTRATOR', 'LOGGED OUT TO SYSTEM', '127.0.0.1'),
(346, '2016-08-29 14:12:47', 'EDWARD.BRINAS', 'LOGGED TO SYSTEM', '127.0.0.1'),
(347, '2016-08-29 14:12:50', 'EDWARD.BRINAS', '[LEAVE] VIEWED MASTERLIST', '127.0.0.1'),
(348, '2016-08-29 14:12:53', 'EDWARD.BRINAS', '[LEAVE] VIEWED ADD RECORD', '127.0.0.1'),
(349, '2016-08-29 14:13:06', 'EDWARD.BRINAS', '[LEAVE] VIEWED ADD RECORD', '127.0.0.1'),
(350, '2016-08-29 14:13:14', 'EDWARD.BRINAS', '[LEAVE] VIEWED ADD RECORD', '127.0.0.1'),
(351, '2016-08-29 14:13:23', 'EDWARD.BRINAS', '[LEAVE] VIEWED ADD RECORD', '127.0.0.1'),
(352, '2016-08-29 14:18:30', 'EDWARD.BRINAS', '[LEAVE] ADDED RECORD ID: 1', '127.0.0.1'),
(353, '2016-08-29 14:18:30', 'EDWARD.BRINAS', '[LEAVE] ADDED RECORD ID: 2', '127.0.0.1'),
(354, '2016-08-29 14:18:30', 'EDWARD.BRINAS', '[LEAVE] ADDED RECORD ID: 3', '127.0.0.1'),
(355, '2016-08-29 14:18:30', 'EDWARD.BRINAS', '[LEAVE] ADDED RECORD ID: 4', '127.0.0.1'),
(356, '2016-08-29 14:18:30', 'EDWARD.BRINAS', '[LEAVE] ADDED RECORD ID: 5', '127.0.0.1'),
(357, '2016-08-29 14:18:30', 'EDWARD.BRINAS', '[LEAVE] ADDED RECORD ID: 6', '127.0.0.1'),
(358, '2016-08-29 14:18:30', 'EDWARD.BRINAS', '[LEAVE] ADDED RECORD ID: 7', '127.0.0.1'),
(359, '2016-08-29 14:18:30', 'EDWARD.BRINAS', '[LEAVE] ADDED RECORD ID: 8', '127.0.0.1'),
(360, '2016-08-29 14:18:30', 'EDWARD.BRINAS', '[LEAVE] ADDED RECORD ID: 9', '127.0.0.1'),
(361, '2016-08-29 14:18:30', 'EDWARD.BRINAS', '[LEAVE] ADDED RECORD ID: 10', '127.0.0.1'),
(362, '2016-08-29 14:18:30', 'EDWARD.BRINAS', '[LEAVE] ADDED RECORD ID: 11', '127.0.0.1'),
(363, '2016-08-29 14:18:30', 'EDWARD.BRINAS', '[LEAVE] ADDED RECORD ID: 12', '127.0.0.1'),
(364, '2016-08-29 14:18:30', 'EDWARD.BRINAS', '[LEAVE] ADDED RECORD ID: 13', '127.0.0.1'),
(365, '2016-08-29 14:18:30', 'EDWARD.BRINAS', '[LEAVE] ADDED RECORD ID: 14', '127.0.0.1'),
(366, '2016-08-29 14:18:30', 'EDWARD.BRINAS', '[LEAVE] ADDED RECORD ID: 15', '127.0.0.1'),
(367, '2016-08-29 14:18:30', 'EDWARD.BRINAS', '[LEAVE] ADDED RECORD ID: 16', '127.0.0.1'),
(368, '2016-08-29 14:18:30', 'EDWARD.BRINAS', '[LEAVE] ADDED RECORD ID: 17', '127.0.0.1'),
(369, '2016-08-29 14:18:30', 'EDWARD.BRINAS', '[LEAVE] ADDED RECORD ID: 18', '127.0.0.1'),
(370, '2016-08-29 14:18:30', 'EDWARD.BRINAS', '[LEAVE] ADDED RECORD ID: 19', '127.0.0.1'),
(371, '2016-08-29 14:18:30', 'EDWARD.BRINAS', '[LEAVE] ADDED RECORD ID: 20', '127.0.0.1'),
(372, '2016-08-29 14:18:30', 'EDWARD.BRINAS', '[LEAVE] ADDED RECORD ID: 21', '127.0.0.1'),
(373, '2016-08-29 14:18:30', 'EDWARD.BRINAS', '[LEAVE] ADDED RECORD ID: 22', '127.0.0.1'),
(374, '2016-08-29 14:18:30', 'EDWARD.BRINAS', '[LEAVE] ADDED RECORD ID: 23', '127.0.0.1'),
(375, '2016-08-29 14:18:30', 'EDWARD.BRINAS', '[LEAVE] ADDED RECORD ID: 24', '127.0.0.1'),
(376, '2016-08-29 14:18:32', 'EDWARD.BRINAS', '[LEAVE] VIEWED ADD RECORD', '127.0.0.1'),
(377, '2016-08-29 14:20:16', 'EDWARD.BRINAS', '[LEAVE] ADDED RECORD ID: 1', '127.0.0.1'),
(378, '2016-08-29 14:20:16', 'EDWARD.BRINAS', '[LEAVE] ADDED RECORD ID: 2', '127.0.0.1'),
(379, '2016-08-29 14:20:16', 'EDWARD.BRINAS', '[LEAVE] ADDED RECORD ID: 3', '127.0.0.1'),
(380, '2016-08-29 14:20:16', 'EDWARD.BRINAS', '[LEAVE] ADDED RECORD ID: 4', '127.0.0.1'),
(381, '2016-08-29 14:20:16', 'EDWARD.BRINAS', '[LEAVE] ADDED RECORD ID: 5', '127.0.0.1'),
(382, '2016-08-29 14:20:16', 'EDWARD.BRINAS', '[LEAVE] ADDED RECORD ID: 6', '127.0.0.1'),
(383, '2016-08-29 14:20:16', 'EDWARD.BRINAS', '[LEAVE] ADDED RECORD ID: 7', '127.0.0.1'),
(384, '2016-08-29 14:20:16', 'EDWARD.BRINAS', '[LEAVE] ADDED RECORD ID: 8', '127.0.0.1'),
(385, '2016-08-29 14:20:16', 'EDWARD.BRINAS', '[LEAVE] ADDED RECORD ID: 9', '127.0.0.1'),
(386, '2016-08-29 14:20:16', 'EDWARD.BRINAS', '[LEAVE] ADDED RECORD ID: 10', '127.0.0.1'),
(387, '2016-08-29 14:20:16', 'EDWARD.BRINAS', '[LEAVE] ADDED RECORD ID: 11', '127.0.0.1'),
(388, '2016-08-29 14:20:16', 'EDWARD.BRINAS', '[LEAVE] ADDED RECORD ID: 12', '127.0.0.1'),
(389, '2016-08-29 14:20:16', 'EDWARD.BRINAS', '[LEAVE] ADDED RECORD ID: 13', '127.0.0.1'),
(390, '2016-08-29 14:20:16', 'EDWARD.BRINAS', '[LEAVE] ADDED RECORD ID: 14', '127.0.0.1'),
(391, '2016-08-29 14:20:16', 'EDWARD.BRINAS', '[LEAVE] ADDED RECORD ID: 15', '127.0.0.1'),
(392, '2016-08-29 14:20:16', 'EDWARD.BRINAS', '[LEAVE] ADDED RECORD ID: 16', '127.0.0.1'),
(393, '2016-08-29 14:20:16', 'EDWARD.BRINAS', '[LEAVE] ADDED RECORD ID: 17', '127.0.0.1'),
(394, '2016-08-29 14:20:16', 'EDWARD.BRINAS', '[LEAVE] ADDED RECORD ID: 18', '127.0.0.1'),
(395, '2016-08-29 14:20:16', 'EDWARD.BRINAS', '[LEAVE] ADDED RECORD ID: 19', '127.0.0.1'),
(396, '2016-08-29 14:20:16', 'EDWARD.BRINAS', '[LEAVE] ADDED RECORD ID: 20', '127.0.0.1'),
(397, '2016-08-29 14:20:16', 'EDWARD.BRINAS', '[LEAVE] ADDED RECORD ID: 21', '127.0.0.1'),
(398, '2016-08-29 14:20:16', 'EDWARD.BRINAS', '[LEAVE] ADDED RECORD ID: 22', '127.0.0.1'),
(399, '2016-08-29 14:20:16', 'EDWARD.BRINAS', '[LEAVE] ADDED RECORD ID: 23', '127.0.0.1'),
(400, '2016-08-29 14:20:16', 'EDWARD.BRINAS', '[LEAVE] ADDED RECORD ID: 24', '127.0.0.1'),
(401, '2016-08-29 14:20:21', 'EDWARD.BRINAS', '[LEAVE] VIEWED ADD RECORD', '127.0.0.1'),
(402, '2016-08-29 14:20:43', 'EDWARD.BRINAS', 'LOGGED OUT TO SYSTEM', '127.0.0.1'),
(403, '2016-08-29 14:21:42', 'RONALDO.RONQUILLO', 'LOGGED TO SYSTEM', '127.0.0.1'),
(404, '2016-08-29 14:21:54', 'RONALDO.RONQUILLO', '[LEAVE] VIEWED MASTERLIST', '127.0.0.1'),
(405, '2016-08-29 14:21:56', 'RONALDO.RONQUILLO', '[LEAVE] VIEWED ADD RECORD', '127.0.0.1'),
(406, '2016-08-29 14:21:59', 'RONALDO.RONQUILLO', '[LEAVE] VIEWED CALENDAR RECORD MASTERLIST DATE 2016-08-29', '127.0.0.1'),
(407, '2016-08-29 14:22:12', 'RONALDO.RONQUILLO', '[LEAVE] ADDED RECORD ID: 25', '127.0.0.1'),
(408, '2016-08-29 14:22:12', 'RONALDO.RONQUILLO', '[LEAVE] ADDED RECORD ID: 26', '127.0.0.1'),
(409, '2016-08-29 14:22:13', 'RONALDO.RONQUILLO', '[LEAVE] ADDED RECORD ID: 27', '127.0.0.1'),
(410, '2016-08-29 14:22:13', 'RONALDO.RONQUILLO', '[LEAVE] ADDED RECORD ID: 28', '127.0.0.1'),
(411, '2016-08-29 14:22:13', 'RONALDO.RONQUILLO', '[LEAVE] ADDED RECORD ID: 29', '127.0.0.1'),
(412, '2016-08-29 14:22:13', 'RONALDO.RONQUILLO', '[LEAVE] ADDED RECORD ID: 30', '127.0.0.1'),
(413, '2016-08-29 14:22:13', 'RONALDO.RONQUILLO', '[LEAVE] ADDED RECORD ID: 31', '127.0.0.1'),
(414, '2016-08-29 14:22:13', 'RONALDO.RONQUILLO', '[LEAVE] ADDED RECORD ID: 32', '127.0.0.1'),
(415, '2016-08-29 14:22:13', 'RONALDO.RONQUILLO', '[LEAVE] ADDED RECORD ID: 33', '127.0.0.1'),
(416, '2016-08-29 14:22:13', 'RONALDO.RONQUILLO', '[LEAVE] ADDED RECORD ID: 34', '127.0.0.1'),
(417, '2016-08-29 14:22:13', 'RONALDO.RONQUILLO', '[LEAVE] ADDED RECORD ID: 35', '127.0.0.1'),
(418, '2016-08-29 14:22:13', 'RONALDO.RONQUILLO', '[LEAVE] ADDED RECORD ID: 36', '127.0.0.1'),
(419, '2016-08-29 14:22:13', 'RONALDO.RONQUILLO', '[LEAVE] ADDED RECORD ID: 37', '127.0.0.1'),
(420, '2016-08-29 14:22:13', 'RONALDO.RONQUILLO', '[LEAVE] ADDED RECORD ID: 38', '127.0.0.1'),
(421, '2016-08-29 14:22:13', 'RONALDO.RONQUILLO', '[LEAVE] ADDED RECORD ID: 39', '127.0.0.1'),
(422, '2016-08-29 14:22:13', 'RONALDO.RONQUILLO', '[LEAVE] ADDED RECORD ID: 40', '127.0.0.1'),
(423, '2016-08-29 14:22:13', 'RONALDO.RONQUILLO', '[LEAVE] ADDED RECORD ID: 41', '127.0.0.1'),
(424, '2016-08-29 14:22:13', 'RONALDO.RONQUILLO', '[LEAVE] ADDED RECORD ID: 42', '127.0.0.1'),
(425, '2016-08-29 14:22:13', 'RONALDO.RONQUILLO', '[LEAVE] ADDED RECORD ID: 43', '127.0.0.1'),
(426, '2016-08-29 14:22:13', 'RONALDO.RONQUILLO', '[LEAVE] ADDED RECORD ID: 44', '127.0.0.1'),
(427, '2016-08-29 14:22:13', 'RONALDO.RONQUILLO', '[LEAVE] ADDED RECORD ID: 45', '127.0.0.1'),
(428, '2016-08-29 14:22:13', 'RONALDO.RONQUILLO', '[LEAVE] ADDED RECORD ID: 46', '127.0.0.1'),
(429, '2016-08-29 14:22:13', 'RONALDO.RONQUILLO', '[LEAVE] ADDED RECORD ID: 47', '127.0.0.1'),
(430, '2016-08-29 14:22:13', 'RONALDO.RONQUILLO', '[LEAVE] ADDED RECORD ID: 48', '127.0.0.1'),
(431, '2016-08-29 14:22:13', 'RONALDO.RONQUILLO', '[LEAVE] VIEWED ADD RECORD', '127.0.0.1'),
(432, '2016-08-29 14:22:16', 'RONALDO.RONQUILLO', 'LOGGED OUT TO SYSTEM', '127.0.0.1'),
(433, '2016-08-29 14:22:55', 'OMONG', 'LOGGED TO SYSTEM', '127.0.0.1'),
(434, '2016-08-29 14:22:59', 'OMONG', '[LEAVE] VIEWED MASTERLIST', '127.0.0.1'),
(435, '2016-08-29 14:23:01', 'OMONG', '[LEAVE] VIEWED ADD RECORD', '127.0.0.1'),
(436, '2016-08-29 14:23:05', 'OMONG', '[LEAVE] VIEWED ADD RECORD', '127.0.0.1'),
(437, '2016-08-29 14:23:33', 'OMONG', '[LEAVE] ADDED RECORD ID: 49', '127.0.0.1'),
(438, '2016-08-29 14:23:33', 'OMONG', '[LEAVE] ADDED RECORD ID: 50', '127.0.0.1'),
(439, '2016-08-29 14:23:33', 'OMONG', '[LEAVE] ADDED RECORD ID: 51', '127.0.0.1'),
(440, '2016-08-29 14:23:33', 'OMONG', '[LEAVE] ADDED RECORD ID: 52', '127.0.0.1'),
(441, '2016-08-29 14:23:33', 'OMONG', '[LEAVE] ADDED RECORD ID: 53', '127.0.0.1'),
(442, '2016-08-29 14:23:33', 'OMONG', '[LEAVE] ADDED RECORD ID: 54', '127.0.0.1'),
(443, '2016-08-29 14:23:33', 'OMONG', '[LEAVE] ADDED RECORD ID: 55', '127.0.0.1'),
(444, '2016-08-29 14:23:33', 'OMONG', '[LEAVE] ADDED RECORD ID: 56', '127.0.0.1'),
(445, '2016-08-29 14:23:33', 'OMONG', '[LEAVE] ADDED RECORD ID: 57', '127.0.0.1'),
(446, '2016-08-29 14:23:33', 'OMONG', '[LEAVE] ADDED RECORD ID: 58', '127.0.0.1'),
(447, '2016-08-29 14:23:33', 'OMONG', '[LEAVE] ADDED RECORD ID: 59', '127.0.0.1'),
(448, '2016-08-29 14:23:33', 'OMONG', '[LEAVE] ADDED RECORD ID: 60', '127.0.0.1'),
(449, '2016-08-29 14:23:33', 'OMONG', '[LEAVE] ADDED RECORD ID: 61', '127.0.0.1'),
(450, '2016-08-29 14:23:33', 'OMONG', '[LEAVE] ADDED RECORD ID: 62', '127.0.0.1'),
(451, '2016-08-29 14:23:33', 'OMONG', '[LEAVE] ADDED RECORD ID: 63', '127.0.0.1'),
(452, '2016-08-29 14:23:33', 'OMONG', '[LEAVE] ADDED RECORD ID: 64', '127.0.0.1'),
(453, '2016-08-29 14:23:33', 'OMONG', '[LEAVE] ADDED RECORD ID: 65', '127.0.0.1'),
(454, '2016-08-29 14:23:33', 'OMONG', '[LEAVE] ADDED RECORD ID: 66', '127.0.0.1'),
(455, '2016-08-29 14:23:33', 'OMONG', '[LEAVE] ADDED RECORD ID: 67', '127.0.0.1'),
(456, '2016-08-29 14:23:33', 'OMONG', '[LEAVE] ADDED RECORD ID: 68', '127.0.0.1'),
(457, '2016-08-29 14:23:33', 'OMONG', '[LEAVE] ADDED RECORD ID: 69', '127.0.0.1'),
(458, '2016-08-29 14:23:33', 'OMONG', '[LEAVE] ADDED RECORD ID: 70', '127.0.0.1'),
(459, '2016-08-29 14:23:33', 'OMONG', '[LEAVE] ADDED RECORD ID: 71', '127.0.0.1'),
(460, '2016-08-29 14:23:33', 'OMONG', '[LEAVE] ADDED RECORD ID: 72', '127.0.0.1'),
(461, '2016-08-29 14:23:34', 'OMONG', '[LEAVE] VIEWED ADD RECORD', '127.0.0.1'),
(462, '2016-08-29 14:23:38', 'OMONG', '[LEAVE] VIEWED MASTERLIST', '127.0.0.1'),
(463, '2016-08-29 14:23:41', 'OMONG', '[LEAVE] VIEWED ADD RECORD', '127.0.0.1'),
(464, '2016-08-29 14:24:22', 'OMONG', '[LEAVE] VIEWED ADD RECORD', '127.0.0.1'),
(465, '2016-08-29 14:24:25', 'OMONG', '[LEAVE] VIEWED ADD RECORD', '127.0.0.1'),
(466, '2016-08-29 14:24:29', 'OMONG', '[LEAVE] VIEWED ADD RECORD', '127.0.0.1'),
(467, '2016-08-29 14:24:31', 'OMONG', '[LEAVE] VIEWED CALENDAR RECORD MASTERLIST DATE 2016-09-08', '127.0.0.1'),
(468, '2016-08-29 14:25:01', 'OMONG', '[LEAVE] VIEWED MASTERLIST', '127.0.0.1'),
(469, '2016-08-29 14:28:44', 'OMONG', '[LEAVE] VIEWED ADD RECORD', '127.0.0.1'),
(470, '2016-08-29 14:28:48', 'OMONG', '[LEAVE] VIEWED ADD RECORD', '127.0.0.1'),
(471, '2016-08-29 14:28:52', 'OMONG', '[LEAVE] VIEWED CALENDAR RECORD MASTERLIST DATE 2016-09-08', '127.0.0.1'),
(472, '2016-08-29 14:28:55', 'OMONG', '[LEAVE] VIEWED CALENDAR RECORD MASTERLIST DATE 2016-09-01', '127.0.0.1'),
(473, '2016-08-29 14:29:45', 'OMONG', '[LEAVE] VIEWED ADD RECORD', '127.0.0.1'),
(474, '2016-08-29 14:29:49', 'OMONG', '[LEAVE] VIEWED ADD RECORD', '127.0.0.1'),
(475, '2016-08-29 14:29:52', 'OMONG', '[LEAVE] VIEWED CALENDAR RECORD MASTERLIST DATE 2016-09-08', '127.0.0.1'),
(476, '2016-08-29 14:30:03', 'OMONG', '[LEAVE] VIEWED ADD RECORD', '127.0.0.1'),
(477, '2016-08-29 14:30:41', 'OMONG', '[LEAVE] VIEWED ADD RECORD', '127.0.0.1'),
(478, '2016-08-29 14:33:03', 'OMONG', '[LEAVE] VIEWED ADD RECORD', '127.0.0.1'),
(479, '2016-08-29 14:35:51', 'OMONG', '[LEAVE] VIEWED ADD RECORD', '127.0.0.1'),
(480, '2016-08-29 14:35:55', 'OMONG', '[LEAVE] VIEWED ADD RECORD', '127.0.0.1'),
(481, '2016-08-29 14:37:39', 'OMONG', '[LEAVE] VIEWED ADD RECORD', '127.0.0.1'),
(482, '2016-08-29 14:37:42', 'OMONG', '[LEAVE] VIEWED ADD RECORD', '127.0.0.1'),
(483, '2016-08-29 14:38:17', 'OMONG', '[LEAVE] VIEWED ADD RECORD', '127.0.0.1'),
(484, '2016-08-29 14:38:38', 'OMONG', '[LEAVE] VIEWED ADD RECORD', '127.0.0.1'),
(485, '2016-08-29 14:38:40', 'OMONG', '[LEAVE] VIEWED ADD RECORD', '127.0.0.1'),
(486, '2016-08-29 14:38:45', 'OMONG', '[LEAVE] VIEWED ADD RECORD', '127.0.0.1'),
(487, '2016-08-29 14:38:49', 'OMONG', '[LEAVE] VIEWED ADD RECORD', '127.0.0.1'),
(488, '2016-08-29 14:38:53', 'OMONG', '[LEAVE] VIEWED ADD RECORD', '127.0.0.1'),
(489, '2016-08-29 14:42:04', 'OMONG', '[LEAVE] VIEWED ADD RECORD', '127.0.0.1'),
(490, '2016-08-29 14:42:43', 'OMONG', '[LEAVE] VIEWED ADD RECORD', '127.0.0.1'),
(491, '2016-08-29 14:43:29', 'OMONG', '[LEAVE] VIEWED ADD RECORD', '127.0.0.1'),
(492, '2016-08-29 14:44:01', 'OMONG', '[LEAVE] VIEWED ADD RECORD', '127.0.0.1'),
(493, '2016-08-29 14:44:08', 'OMONG', '[LEAVE] VIEWED CALENDAR RECORD MASTERLIST DATE 2016-08-31', '127.0.0.1'),
(494, '2016-08-29 14:44:11', 'OMONG', '[LEAVE] VIEWED CALENDAR RECORD MASTERLIST DATE 2016-08-29', '127.0.0.1'),
(495, '2016-08-29 14:44:15', 'OMONG', '[LEAVE] VIEWED CALENDAR RECORD MASTERLIST DATE 2016-08-30', '127.0.0.1'),
(496, '2016-08-29 14:44:37', 'OMONG', '[LEAVE] VIEWED ADD RECORD', '127.0.0.1'),
(497, '2016-08-29 14:44:40', 'OMONG', '[LEAVE] VIEWED CALENDAR RECORD MASTERLIST DATE 2016-09-29', '127.0.0.1'),
(498, '2016-08-29 14:46:28', 'OMONG', '[LEAVE] VIEWED ADD RECORD', '127.0.0.1'),
(499, '2016-08-29 14:46:32', 'OMONG', '[LEAVE] VIEWED CALENDAR RECORD MASTERLIST DATE 2016-09-08', '127.0.0.1'),
(500, '2016-08-29 14:46:35', 'OMONG', '[LEAVE] VIEWED ADD RECORD', '127.0.0.1'),
(501, '2016-08-29 14:46:39', 'OMONG', '[LEAVE] VIEWED CALENDAR RECORD MASTERLIST DATE 2016-08-31', '127.0.0.1'),
(502, '2016-08-29 15:43:47', 'OMONG', '[LEAVE] VIEWED CALENDAR RECORD MASTERLIST DATE 2016-08-29', '127.0.0.1'),
(503, '2016-08-29 15:44:02', 'OMONG', '[LEAVE] VIEWED MY LEAVE MASTERLIST', '127.0.0.1'),
(504, '2016-08-29 15:44:13', 'OMONG', '[LEAVE] VIEWED MASTERLIST', '127.0.0.1'),
(505, '2016-08-29 15:46:34', 'OMONG', 'LOGGED OUT TO SYSTEM', '127.0.0.1'),
(506, '2016-08-29 15:47:54', 'ADMINISTRATOR', 'LOGGED TO SYSTEM', '127.0.0.1'),
(507, '2016-08-29 15:48:07', 'ADMINISTRATOR', '[LEAVE] VIEWED MASTERLIST', '127.0.0.1'),
(508, '2016-08-29 15:48:10', 'ADMINISTRATOR', '[LEAVE] VIEWED FOR APPROVAL MASTERLIST', '127.0.0.1'),
(509, '2016-08-29 15:48:47', 'ADMINISTRATOR', '[LEAVE] VIEWED FOR APPROVAL MASTERLIST', '127.0.0.1'),
(510, '2016-08-29 15:50:37', 'ADMINISTRATOR', '[LEAVE] VIEWED FOR APPROVAL MASTERLIST', '127.0.0.1'),
(511, '2016-08-29 15:50:47', 'ADMINISTRATOR', '[LEAVE] VIEWED EDIT APPROVE DATE ID: 1', '127.0.0.1'),
(512, '2016-08-29 15:51:12', 'ADMINISTRATOR', '[LEAVE] VIEWED MY LEAVE MASTERLIST', '127.0.0.1'),
(513, '2016-08-29 15:51:15', 'ADMINISTRATOR', '[LEAVE] VIEWED MY LEAVE MASTERLIST', '127.0.0.1'),
(514, '2016-08-29 15:51:21', 'ADMINISTRATOR', 'LOGGED OUT TO SYSTEM', '127.0.0.1'),
(515, '2016-08-29 15:51:34', 'OMONG', 'LOGGED TO SYSTEM', '127.0.0.1'),
(516, '2016-08-29 15:51:37', 'OMONG', '[LEAVE] VIEWED MASTERLIST', '127.0.0.1'),
(517, '2016-08-29 15:51:40', 'OMONG', '[LEAVE] VIEWED MY LEAVE MASTERLIST', '127.0.0.1'),
(518, '2016-08-29 15:52:05', 'OMONG', '[LEAVE] VIEWED MY LEAVE MASTERLIST', '127.0.0.1'),
(519, '2016-08-29 15:53:06', 'OMONG', '[LEAVE] VIEWED MY LEAVE MASTERLIST', '127.0.0.1'),
(520, '2016-08-29 15:55:16', 'OMONG', '[LEAVE] VIEWED MASTERLIST', '127.0.0.1'),
(521, '2016-08-29 15:55:20', 'OMONG', 'LOGGED OUT TO SYSTEM', '127.0.0.1'),
(522, '2016-08-29 15:55:59', 'ADMINISTRATOR', 'LOGGED TO SYSTEM', '127.0.0.1'),
(523, '2016-08-29 15:56:03', 'ADMINISTRATOR', '[LEAVE] VIEWED MASTERLIST', '127.0.0.1'),
(524, '2016-08-29 15:56:05', 'ADMINISTRATOR', '[LEAVE] VIEWED FOR APPROVAL MASTERLIST', '127.0.0.1'),
(525, '2016-08-29 15:56:41', 'ADMINISTRATOR', '[LEAVE] VIEWED FOR APPROVAL MASTERLIST', '127.0.0.1'),
(526, '2016-08-29 16:00:56', 'ADMINISTRATOR', '[LEAVE] VIEWED FOR APPROVAL MASTERLIST', '127.0.0.1'),
(527, '2016-08-29 16:01:47', 'ADMINISTRATOR', '[LEAVE] VIEWED FOR APPROVAL MASTERLIST', '127.0.0.1'),
(528, '2016-08-29 16:31:43', 'ADMINISTRATOR', '[LEAVE] VIEWED FOR APPROVAL MASTERLIST', '127.0.0.1'),
(529, '2016-08-29 16:31:57', 'ADMINISTRATOR', 'LOGGED OUT TO SYSTEM', '127.0.0.1'),
(530, '2016-08-29 16:32:11', 'OMONG', 'LOGGED TO SYSTEM', '127.0.0.1'),
(531, '2016-08-29 16:32:14', 'OMONG', '[LEAVE] VIEWED MASTERLIST', '127.0.0.1'),
(532, '2016-08-29 16:32:16', 'OMONG', '[LEAVE] VIEWED ADD RECORD', '127.0.0.1'),
(533, '2016-08-29 16:32:24', 'OMONG', '[LEAVE DETAILS] ADDED RECORD ID: 1', '127.0.0.1'),
(534, '2016-08-29 16:32:24', 'OMONG', '[LEAVE] ADDED RECORD ID: 1', '127.0.0.1'),
(535, '2016-08-29 16:32:24', 'OMONG', '[LEAVE] ADDED RECORD ID: 2', '127.0.0.1'),
(536, '2016-08-29 16:32:24', 'OMONG', '[LEAVE] ADDED RECORD ID: 3', '127.0.0.1'),
(537, '2016-08-29 16:32:24', 'OMONG', '[LEAVE] ADDED RECORD ID: 4', '127.0.0.1'),
(538, '2016-08-29 16:32:24', 'OMONG', '[LEAVE] ADDED RECORD ID: 5', '127.0.0.1'),
(539, '2016-08-29 16:32:24', 'OMONG', '[LEAVE] ADDED RECORD ID: 6', '127.0.0.1'),
(540, '2016-08-29 16:32:24', 'OMONG', '[LEAVE] ADDED RECORD ID: 7', '127.0.0.1'),
(541, '2016-08-29 16:32:24', 'OMONG', '[LEAVE] ADDED RECORD ID: 8', '127.0.0.1'),
(542, '2016-08-29 16:32:24', 'OMONG', '[LEAVE] ADDED RECORD ID: 9', '127.0.0.1'),
(543, '2016-08-29 16:32:24', 'OMONG', '[LEAVE] ADDED RECORD ID: 10', '127.0.0.1'),
(544, '2016-08-29 16:32:24', 'OMONG', '[LEAVE] ADDED RECORD ID: 11', '127.0.0.1'),
(545, '2016-08-29 16:32:24', 'OMONG', '[LEAVE] ADDED RECORD ID: 12', '127.0.0.1');
INSERT INTO `data_trx_logs` (`id`, `transaction_date`, `username`, `activity`, `ip_address`) VALUES
(546, '2016-08-29 16:32:24', 'OMONG', '[LEAVE] ADDED RECORD ID: 13', '127.0.0.1'),
(547, '2016-08-29 16:32:24', 'OMONG', '[LEAVE] ADDED RECORD ID: 14', '127.0.0.1'),
(548, '2016-08-29 16:32:24', 'OMONG', '[LEAVE] ADDED RECORD ID: 15', '127.0.0.1'),
(549, '2016-08-29 16:32:24', 'OMONG', '[LEAVE] ADDED RECORD ID: 16', '127.0.0.1'),
(550, '2016-08-29 16:32:24', 'OMONG', '[LEAVE] ADDED RECORD ID: 17', '127.0.0.1'),
(551, '2016-08-29 16:32:24', 'OMONG', '[LEAVE] ADDED RECORD ID: 18', '127.0.0.1'),
(552, '2016-08-29 16:32:24', 'OMONG', '[LEAVE] ADDED RECORD ID: 19', '127.0.0.1'),
(553, '2016-08-29 16:32:24', 'OMONG', '[LEAVE] ADDED RECORD ID: 20', '127.0.0.1'),
(554, '2016-08-29 16:32:24', 'OMONG', '[LEAVE] ADDED RECORD ID: 21', '127.0.0.1'),
(555, '2016-08-29 16:32:24', 'OMONG', '[LEAVE] ADDED RECORD ID: 22', '127.0.0.1'),
(556, '2016-08-29 16:32:24', 'OMONG', '[LEAVE] ADDED RECORD ID: 23', '127.0.0.1'),
(557, '2016-08-29 16:32:24', 'OMONG', '[LEAVE] ADDED RECORD ID: 24', '127.0.0.1'),
(558, '2016-08-29 16:32:25', 'OMONG', '[LEAVE] VIEWED ADD RECORD', '127.0.0.1'),
(559, '2016-08-29 16:32:28', 'OMONG', '[LEAVE] VIEWED MY LEAVE MASTERLIST', '127.0.0.1'),
(560, '2016-08-29 16:32:33', 'OMONG', 'LOGGED OUT TO SYSTEM', '127.0.0.1'),
(561, '2016-08-29 16:32:49', 'EDWARD.BRINAS', 'LOGGED TO SYSTEM', '127.0.0.1'),
(562, '2016-08-29 16:32:52', 'EDWARD.BRINAS', '[LEAVE] VIEWED MASTERLIST', '127.0.0.1'),
(563, '2016-08-29 16:32:56', 'EDWARD.BRINAS', '[LEAVE] VIEWED ADD RECORD', '127.0.0.1'),
(564, '2016-08-29 16:33:05', 'EDWARD.BRINAS', '[LEAVE DETAILS] ADDED RECORD ID: 2', '127.0.0.1'),
(565, '2016-08-29 16:33:05', 'EDWARD.BRINAS', '[LEAVE] ADDED RECORD ID: 25', '127.0.0.1'),
(566, '2016-08-29 16:33:05', 'EDWARD.BRINAS', '[LEAVE] ADDED RECORD ID: 26', '127.0.0.1'),
(567, '2016-08-29 16:33:05', 'EDWARD.BRINAS', '[LEAVE] ADDED RECORD ID: 27', '127.0.0.1'),
(568, '2016-08-29 16:33:05', 'EDWARD.BRINAS', '[LEAVE] ADDED RECORD ID: 28', '127.0.0.1'),
(569, '2016-08-29 16:33:05', 'EDWARD.BRINAS', '[LEAVE] ADDED RECORD ID: 29', '127.0.0.1'),
(570, '2016-08-29 16:33:05', 'EDWARD.BRINAS', '[LEAVE] ADDED RECORD ID: 30', '127.0.0.1'),
(571, '2016-08-29 16:33:05', 'EDWARD.BRINAS', '[LEAVE] ADDED RECORD ID: 31', '127.0.0.1'),
(572, '2016-08-29 16:33:05', 'EDWARD.BRINAS', '[LEAVE] ADDED RECORD ID: 32', '127.0.0.1'),
(573, '2016-08-29 16:33:05', 'EDWARD.BRINAS', '[LEAVE] ADDED RECORD ID: 33', '127.0.0.1'),
(574, '2016-08-29 16:33:05', 'EDWARD.BRINAS', '[LEAVE] ADDED RECORD ID: 34', '127.0.0.1'),
(575, '2016-08-29 16:33:05', 'EDWARD.BRINAS', '[LEAVE] ADDED RECORD ID: 35', '127.0.0.1'),
(576, '2016-08-29 16:33:05', 'EDWARD.BRINAS', '[LEAVE] ADDED RECORD ID: 36', '127.0.0.1'),
(577, '2016-08-29 16:33:05', 'EDWARD.BRINAS', '[LEAVE] ADDED RECORD ID: 37', '127.0.0.1'),
(578, '2016-08-29 16:33:05', 'EDWARD.BRINAS', '[LEAVE] ADDED RECORD ID: 38', '127.0.0.1'),
(579, '2016-08-29 16:33:05', 'EDWARD.BRINAS', '[LEAVE] ADDED RECORD ID: 39', '127.0.0.1'),
(580, '2016-08-29 16:33:05', 'EDWARD.BRINAS', '[LEAVE] ADDED RECORD ID: 40', '127.0.0.1'),
(581, '2016-08-29 16:33:05', 'EDWARD.BRINAS', '[LEAVE] ADDED RECORD ID: 41', '127.0.0.1'),
(582, '2016-08-29 16:33:05', 'EDWARD.BRINAS', '[LEAVE] ADDED RECORD ID: 42', '127.0.0.1'),
(583, '2016-08-29 16:33:05', 'EDWARD.BRINAS', '[LEAVE] ADDED RECORD ID: 43', '127.0.0.1'),
(584, '2016-08-29 16:33:05', 'EDWARD.BRINAS', '[LEAVE] ADDED RECORD ID: 44', '127.0.0.1'),
(585, '2016-08-29 16:33:05', 'EDWARD.BRINAS', '[LEAVE] ADDED RECORD ID: 45', '127.0.0.1'),
(586, '2016-08-29 16:33:05', 'EDWARD.BRINAS', '[LEAVE] ADDED RECORD ID: 46', '127.0.0.1'),
(587, '2016-08-29 16:33:05', 'EDWARD.BRINAS', '[LEAVE] ADDED RECORD ID: 47', '127.0.0.1'),
(588, '2016-08-29 16:33:05', 'EDWARD.BRINAS', '[LEAVE] ADDED RECORD ID: 48', '127.0.0.1'),
(589, '2016-08-29 16:33:06', 'EDWARD.BRINAS', '[LEAVE] VIEWED ADD RECORD', '127.0.0.1'),
(590, '2016-08-29 16:33:09', 'EDWARD.BRINAS', 'LOGGED OUT TO SYSTEM', '127.0.0.1'),
(591, '2016-08-29 16:33:29', 'RONALDO.RONQUILLO', 'LOGGED TO SYSTEM', '127.0.0.1'),
(592, '2016-08-29 16:33:33', 'RONALDO.RONQUILLO', '[LEAVE] VIEWED MASTERLIST', '127.0.0.1'),
(593, '2016-08-29 16:33:35', 'RONALDO.RONQUILLO', '[LEAVE] VIEWED ADD RECORD', '127.0.0.1'),
(594, '2016-08-29 16:33:45', 'RONALDO.RONQUILLO', '[LEAVE DETAILS] ADDED RECORD ID: 3', '127.0.0.1'),
(595, '2016-08-29 16:33:45', 'RONALDO.RONQUILLO', '[LEAVE] ADDED RECORD ID: 49', '127.0.0.1'),
(596, '2016-08-29 16:33:45', 'RONALDO.RONQUILLO', '[LEAVE] ADDED RECORD ID: 50', '127.0.0.1'),
(597, '2016-08-29 16:33:45', 'RONALDO.RONQUILLO', '[LEAVE] ADDED RECORD ID: 51', '127.0.0.1'),
(598, '2016-08-29 16:33:45', 'RONALDO.RONQUILLO', '[LEAVE] ADDED RECORD ID: 52', '127.0.0.1'),
(599, '2016-08-29 16:33:45', 'RONALDO.RONQUILLO', '[LEAVE] ADDED RECORD ID: 53', '127.0.0.1'),
(600, '2016-08-29 16:33:45', 'RONALDO.RONQUILLO', '[LEAVE] ADDED RECORD ID: 54', '127.0.0.1'),
(601, '2016-08-29 16:33:45', 'RONALDO.RONQUILLO', '[LEAVE] ADDED RECORD ID: 55', '127.0.0.1'),
(602, '2016-08-29 16:33:45', 'RONALDO.RONQUILLO', '[LEAVE] ADDED RECORD ID: 56', '127.0.0.1'),
(603, '2016-08-29 16:33:45', 'RONALDO.RONQUILLO', '[LEAVE] ADDED RECORD ID: 57', '127.0.0.1'),
(604, '2016-08-29 16:33:45', 'RONALDO.RONQUILLO', '[LEAVE] ADDED RECORD ID: 58', '127.0.0.1'),
(605, '2016-08-29 16:33:45', 'RONALDO.RONQUILLO', '[LEAVE] ADDED RECORD ID: 59', '127.0.0.1'),
(606, '2016-08-29 16:33:45', 'RONALDO.RONQUILLO', '[LEAVE] ADDED RECORD ID: 60', '127.0.0.1'),
(607, '2016-08-29 16:33:45', 'RONALDO.RONQUILLO', '[LEAVE] ADDED RECORD ID: 61', '127.0.0.1'),
(608, '2016-08-29 16:33:45', 'RONALDO.RONQUILLO', '[LEAVE] ADDED RECORD ID: 62', '127.0.0.1'),
(609, '2016-08-29 16:33:45', 'RONALDO.RONQUILLO', '[LEAVE] ADDED RECORD ID: 63', '127.0.0.1'),
(610, '2016-08-29 16:33:45', 'RONALDO.RONQUILLO', '[LEAVE] ADDED RECORD ID: 64', '127.0.0.1'),
(611, '2016-08-29 16:33:45', 'RONALDO.RONQUILLO', '[LEAVE] ADDED RECORD ID: 65', '127.0.0.1'),
(612, '2016-08-29 16:33:45', 'RONALDO.RONQUILLO', '[LEAVE] ADDED RECORD ID: 66', '127.0.0.1'),
(613, '2016-08-29 16:33:45', 'RONALDO.RONQUILLO', '[LEAVE] ADDED RECORD ID: 67', '127.0.0.1'),
(614, '2016-08-29 16:33:45', 'RONALDO.RONQUILLO', '[LEAVE] ADDED RECORD ID: 68', '127.0.0.1'),
(615, '2016-08-29 16:33:45', 'RONALDO.RONQUILLO', '[LEAVE] ADDED RECORD ID: 69', '127.0.0.1'),
(616, '2016-08-29 16:33:45', 'RONALDO.RONQUILLO', '[LEAVE] ADDED RECORD ID: 70', '127.0.0.1'),
(617, '2016-08-29 16:33:45', 'RONALDO.RONQUILLO', '[LEAVE] ADDED RECORD ID: 71', '127.0.0.1'),
(618, '2016-08-29 16:33:45', 'RONALDO.RONQUILLO', '[LEAVE] ADDED RECORD ID: 72', '127.0.0.1'),
(619, '2016-08-29 16:33:46', 'RONALDO.RONQUILLO', '[LEAVE] VIEWED ADD RECORD', '127.0.0.1'),
(620, '2016-08-29 16:33:47', 'RONALDO.RONQUILLO', '[LEAVE] VIEWED CALENDAR RECORD MASTERLIST DATE 2016-08-31', '127.0.0.1'),
(621, '2016-08-29 16:33:57', 'RONALDO.RONQUILLO', 'LOGGED OUT TO SYSTEM', '127.0.0.1'),
(622, '2016-08-29 16:34:13', 'HIBATLI', 'LOGGED TO SYSTEM', '127.0.0.1'),
(623, '2016-08-29 16:34:20', 'HIBATLI', '[LEAVE] VIEWED MASTERLIST', '127.0.0.1'),
(624, '2016-08-29 16:34:22', 'HIBATLI', '[LEAVE] VIEWED FOR APPROVAL MASTERLIST', '127.0.0.1'),
(625, '2016-08-29 16:34:35', 'HIBATLI', '[LEAVE] VIEWED FOR APPROVAL MASTERLIST', '127.0.0.1'),
(626, '2016-08-29 16:34:47', 'HIBATLI', 'ACCESS DENIED', '127.0.0.1'),
(627, '2016-08-29 16:35:04', 'HIBATLI', 'LOGGED TO SYSTEM', '127.0.0.1'),
(628, '2016-08-29 16:35:08', 'HIBATLI', '[LEAVE] VIEWED MASTERLIST', '127.0.0.1'),
(629, '2016-08-29 16:35:12', 'HIBATLI', '[LEAVE] VIEWED FOR APPROVAL MASTERLIST', '127.0.0.1'),
(630, '2016-08-29 16:38:10', 'HIBATLI', '[LEAVE] VIEWED EDIT APPROVE ID: 3', '127.0.0.1'),
(631, '2016-08-29 16:39:00', 'HIBATLI', '[LEAVE] VIEWED EDIT APPROVE ID: 3', '127.0.0.1'),
(632, '2016-08-29 16:39:31', 'HIBATLI', '[LEAVE] VIEWED EDIT APPROVE ID: 3', '127.0.0.1'),
(633, '2016-08-29 16:41:29', 'HIBATLI', '[LEAVE] VIEWED EDIT APPROVE ID: 3', '127.0.0.1'),
(634, '2016-08-29 16:42:00', 'HIBATLI', '[LEAVE] VIEWED EDIT APPROVE ID: 3', '127.0.0.1'),
(635, '2016-08-29 16:42:19', 'HIBATLI', '[LEAVE] VIEWED EDIT APPROVE ID: 3', '127.0.0.1'),
(636, '2016-08-29 16:46:01', 'HIBATLI', '[LEAVE] VIEWED EDIT APPROVE ID: 3', '127.0.0.1'),
(637, '2016-08-29 16:46:36', 'HIBATLI', '[LEAVE] VIEWED FOR APPROVAL MASTERLIST', '127.0.0.1'),
(638, '2016-08-29 16:46:39', 'HIBATLI', '[LEAVE] VIEWED EDIT APPROVE ID: 3', '127.0.0.1'),
(639, '2016-08-29 16:46:55', 'HIBATLI', '[LEAVE] VIEWED EDIT APPROVE ID: 3', '127.0.0.1'),
(640, '2016-08-29 16:47:42', 'HIBATLI', '[LEAVE] VIEWED EDIT APPROVE ID: 3', '127.0.0.1'),
(641, '2016-08-29 16:47:55', 'HIBATLI', '[LEAVE] VIEWED EDIT APPROVE ID: 3', '127.0.0.1'),
(642, '2016-08-29 16:49:19', 'HIBATLI', '[LEAVE] VIEWED EDIT APPROVE ID: 3', '127.0.0.1'),
(643, '2016-08-29 16:50:44', 'HIBATLI', '[LEAVE] VIEWED EDIT APPROVE ID: 3', '127.0.0.1'),
(644, '2016-08-29 16:52:22', 'HIBATLI', '[LEAVE] VIEWED EDIT APPROVE ID: 3', '127.0.0.1'),
(645, '2016-08-29 16:52:33', 'HIBATLI', '[INCIDENT] VIEWED MASTERLIST', '127.0.0.1'),
(646, '2016-08-29 16:52:35', 'HIBATLI', '[INCIDENT] VIEWED ADD RECORD', '127.0.0.1'),
(647, '2016-08-29 17:03:33', 'HIBATLI', '[LEAVE] APPROVED RECORD ID: 3', '127.0.0.1'),
(648, '2016-08-29 17:03:34', 'HIBATLI', '[LEAVE] VIEWED FOR APPROVAL MASTERLIST', '127.0.0.1'),
(649, '2016-08-29 17:06:04', 'HIBATLI', '[LEAVE] VIEWED EDIT APPROVE ID: 3', '127.0.0.1'),
(650, '2016-08-29 17:06:18', 'HIBATLI', '[LEAVE] APPROVED RECORD ID: ', '127.0.0.1'),
(651, '2016-08-29 17:06:18', 'HIBATLI', '[LEAVE] APPROVED RECORD ID: ', '127.0.0.1'),
(652, '2016-08-29 17:06:20', 'HIBATLI', '[LEAVE] VIEWED FOR APPROVAL MASTERLIST', '127.0.0.1'),
(653, '2016-08-29 17:06:39', 'HIBATLI', '[LEAVE] VIEWED EDIT APPROVE ID: 3', '127.0.0.1'),
(654, '2016-08-29 17:06:45', 'HIBATLI', '[LEAVE] APPROVED RECORD ID: ', '127.0.0.1'),
(655, '2016-08-29 17:06:45', 'HIBATLI', '[LEAVE] APPROVED RECORD ID: ', '127.0.0.1'),
(656, '2016-08-29 17:06:49', 'HIBATLI', '[LEAVE] VIEWED FOR APPROVAL MASTERLIST', '127.0.0.1'),
(657, '2016-08-29 17:06:51', 'HIBATLI', '[LEAVE] VIEWED EDIT APPROVE ID: 3', '127.0.0.1'),
(658, '2016-08-29 17:06:56', 'HIBATLI', '[LEAVE] APPROVED RECORD ID: ', '127.0.0.1'),
(659, '2016-08-29 17:06:56', 'HIBATLI', '[LEAVE] APPROVED RECORD ID: ', '127.0.0.1'),
(660, '2016-08-29 17:06:58', 'HIBATLI', '[LEAVE] VIEWED FOR APPROVAL MASTERLIST', '127.0.0.1'),
(661, '2016-08-29 17:07:01', 'HIBATLI', '[LEAVE] VIEWED EDIT APPROVE ID: 2', '127.0.0.1'),
(662, '2016-08-29 17:07:19', 'HIBATLI', '[LEAVE] VIEWED FOR APPROVAL MASTERLIST', '127.0.0.1'),
(663, '2016-08-29 17:07:24', 'HIBATLI', '[LEAVE] VIEWED MASTERLIST', '127.0.0.1'),
(664, '2016-08-29 17:07:30', 'HIBATLI', '[LEAVE] VIEWED MASTERLIST', '127.0.0.1'),
(665, '2016-08-29 17:07:33', 'HIBATLI', '[LEAVE] VIEWED MASTERLIST', '127.0.0.1'),
(666, '2016-08-29 17:08:46', 'HIBATLI', '[LEAVE] VIEWED MASTERLIST', '127.0.0.1'),
(667, '2016-08-29 17:08:52', 'HIBATLI', '[LEAVE] VIEWED MASTERLIST', '127.0.0.1'),
(668, '2016-08-29 17:09:40', 'HIBATLI', '[LEAVE] VIEWED MASTERLIST', '127.0.0.1'),
(669, '2016-08-29 17:11:20', 'HIBATLI', '[LEAVE] VIEWED MASTERLIST', '127.0.0.1'),
(670, '2016-08-29 17:12:00', 'HIBATLI', '[LEAVE] VIEWED MASTERLIST', '127.0.0.1'),
(671, '2016-08-29 17:12:43', 'HIBATLI', '[LEAVE] VIEWED MASTERLIST', '127.0.0.1'),
(672, '2016-08-29 17:15:53', 'HIBATLI', '[LEAVE] VIEWED MASTERLIST', '127.0.0.1'),
(673, '2016-08-29 17:16:01', 'HIBATLI', '[LEAVE] VIEWED MASTERLIST', '127.0.0.1'),
(674, '2016-08-29 17:16:04', 'HIBATLI', '[LEAVE] VIEWED MASTERLIST', '127.0.0.1'),
(675, '2016-08-29 17:16:39', 'HIBATLI', '[LEAVE] VIEWED MASTERLIST', '127.0.0.1'),
(676, '2016-08-29 17:16:43', 'HIBATLI', '[LEAVE] VIEWED CALENDAR RECORD MASTERLIST DATE 2016-08-29', '127.0.0.1'),
(677, '2016-08-29 17:16:51', 'HIBATLI', '[LEAVE] VIEWED MY LEAVE MASTERLIST', '127.0.0.1'),
(678, '2016-08-29 17:16:53', 'HIBATLI', '[LEAVE] VIEWED ADD RECORD', '127.0.0.1'),
(679, '2016-08-29 17:16:55', 'HIBATLI', '[LEAVE] VIEWED CALENDAR RECORD MASTERLIST DATE 2016-08-30', '127.0.0.1'),
(680, '2016-08-29 17:22:36', 'HIBATLI', '[LEAVE] VIEWED ADD RECORD', '127.0.0.1'),
(681, '2016-08-29 17:22:53', 'HIBATLI', '[LEAVE] VIEWED MASTERLIST', '127.0.0.1'),
(682, '2016-08-29 17:24:03', 'HIBATLI', '[LEAVE] VIEWED MASTERLIST', '127.0.0.1'),
(683, '2016-08-29 17:24:14', 'HIBATLI', '[LEAVE] VIEWED MASTERLIST', '127.0.0.1'),
(684, '2016-08-29 17:24:20', 'HIBATLI', '[LEAVE] VIEWED MASTERLIST', '127.0.0.1'),
(685, '2016-08-29 17:24:59', 'HIBATLI', '[LEAVE] VIEWED MASTERLIST', '127.0.0.1'),
(686, '2016-08-29 17:28:07', 'HIBATLI', '[LEAVE] VIEWED MASTERFILE', '127.0.0.1'),
(687, '2016-08-29 17:28:16', 'HIBATLI', '[LEAVE] VIEWED MASTERFILE', '127.0.0.1'),
(688, '2016-08-29 17:28:19', 'HIBATLI', '[LEAVE] VIEWED MASTERFILE', '127.0.0.1'),
(689, '2016-08-29 17:28:23', 'HIBATLI', '[LEAVE] VIEWED FOR APPROVAL MASTERLIST', '127.0.0.1'),
(690, '2016-08-29 17:28:26', 'HIBATLI', '[LEAVE] VIEWED ADD RECORD', '127.0.0.1'),
(691, '2016-08-29 17:28:37', 'HIBATLI', '[LEAVE] VIEWED MASTERFILE', '127.0.0.1'),
(692, '2016-08-29 17:28:42', 'HIBATLI', '[LEAVE] VIEWED MASTERFILE', '127.0.0.1'),
(693, '2016-08-29 17:28:50', 'HIBATLI', '[LEAVE] VIEWED MASTERFILE', '127.0.0.1'),
(694, '2016-08-29 17:29:23', 'HIBATLI', '[LEAVE] VIEWED MASTERFILE', '127.0.0.1'),
(695, '2016-08-29 17:31:10', 'HIBATLI', '[LEAVE] VIEWED MASTERFILE', '127.0.0.1'),
(696, '2016-08-29 17:31:48', 'HIBATLI', '[LEAVE] VIEWED MASTERFILE', '127.0.0.1'),
(697, '2016-08-29 17:32:13', 'HIBATLI', '[LEAVE] VIEWED MASTERFILE', '127.0.0.1'),
(698, '2016-08-29 17:32:43', 'HIBATLI', '[LEAVE] VIEWED MASTERFILE', '127.0.0.1'),
(699, '2016-08-29 17:32:55', 'HIBATLI', '[LEAVE] VIEWED MASTERFILE', '127.0.0.1'),
(700, '2016-08-29 17:33:05', 'HIBATLI', '[LEAVE] VIEWED MASTERFILE', '127.0.0.1'),
(701, '2016-08-29 17:33:28', 'HIBATLI', '[LEAVE] VIEWED MASTERFILE', '127.0.0.1'),
(702, '2016-08-29 17:33:36', 'HIBATLI', '[LEAVE] VIEWED MASTERFILE', '127.0.0.1'),
(703, '2016-08-29 17:36:33', 'HIBATLI', '[LEAVE] VIEWED MASTERFILE', '127.0.0.1'),
(704, '2016-08-29 17:36:34', 'HIBATLI', '[LEAVE] VIEWED MASTERFILE', '127.0.0.1'),
(705, '2016-08-29 17:36:49', 'HIBATLI', '[LEAVE] VIEWED MASTERFILE', '127.0.0.1'),
(706, '2016-08-29 17:39:23', 'HIBATLI', '[LEAVE] VIEWED MASTERFILE', '127.0.0.1'),
(707, '2016-08-29 17:39:50', 'HIBATLI', '[LEAVE] VIEWED MASTERFILE', '127.0.0.1'),
(708, '2016-08-29 17:39:52', 'HIBATLI', '[LEAVE] VIEWED MASTERFILE', '127.0.0.1'),
(709, '2016-08-29 17:40:02', 'HIBATLI', '[LEAVE] VIEWED MASTERFILE', '127.0.0.1'),
(710, '2016-08-29 17:40:04', 'HIBATLI', '[LEAVE] VIEWED ADD RECORD', '127.0.0.1'),
(711, '2016-08-29 17:40:17', 'HIBATLI', '[LEAVE] VIEWED ADD RECORD', '127.0.0.1'),
(712, '2016-08-29 17:40:25', 'HIBATLI', '[LEAVE] VIEWED CALENDAR RECORD MASTERLIST DATE 2016-08-31', '127.0.0.1'),
(713, '2016-08-29 17:40:34', 'HIBATLI', '[LEAVE] VIEWED FOR APPROVAL MASTERLIST', '127.0.0.1'),
(714, '2016-08-29 17:40:37', 'HIBATLI', '[LEAVE] VIEWED MASTERFILE', '127.0.0.1'),
(715, '2016-08-29 17:40:39', 'HIBATLI', '[LEAVE] VIEWED MASTERFILE', '127.0.0.1'),
(716, '2016-08-29 17:40:41', 'HIBATLI', '[LEAVE] VIEWED MASTERFILE', '127.0.0.1'),
(717, '2016-08-29 17:40:43', 'HIBATLI', '[LEAVE] VIEWED MASTERFILE', '127.0.0.1'),
(718, '2016-08-29 17:41:06', 'HIBATLI', '[LEAVE] VIEWED MASTERFILE', '127.0.0.1'),
(719, '2016-08-29 17:41:10', 'HIBATLI', '[LEAVE] VIEWED CALENDAR RECORD MASTERLIST DATE 2016-08-29', '127.0.0.1'),
(720, '2016-08-29 17:41:24', 'HIBATLI', '[LEAVE] VIEWED CALENDAR RECORD MASTERLIST DATE 2016-08-31', '127.0.0.1'),
(721, '2016-08-29 18:24:30', 'HIBATLI', '[LEAVE] VIEWED MASTERFILE', '127.0.0.1'),
(722, '2016-08-29 18:24:32', 'HIBATLI', '[LEAVE] VIEWED CALENDAR RECORD MASTERLIST DATE 2016-08-29', '127.0.0.1'),
(723, '2016-08-30 04:07:10', '', 'SESSION TIMED OUT', '127.0.0.1'),
(724, '2016-08-30 04:09:22', 'ADMINISTRATOR', 'LOGGED TO SYSTEM', '127.0.0.1'),
(725, '2016-08-30 04:09:26', 'ADMINISTRATOR', '[LEAVE] VIEWED MASTERFILE', '127.0.0.1'),
(726, '2016-08-30 04:09:31', 'ADMINISTRATOR', '[LEAVE] VIEWED FOR APPROVAL MASTERLIST', '127.0.0.1'),
(727, '2016-08-30 04:09:33', 'ADMINISTRATOR', '[LEAVE] VIEWED MY LEAVE MASTERLIST', '127.0.0.1'),
(728, '2016-08-30 04:14:57', 'ADMINISTRATOR', 'LOGGED OUT TO SYSTEM', '127.0.0.1'),
(729, '2016-08-30 04:15:16', 'RONALDO.RONQUILLO', 'LOGGED TO SYSTEM', '127.0.0.1'),
(730, '2016-08-30 04:16:31', 'RONALDO.RONQUILLO', '[LEAVE] VIEWED MASTERFILE', '127.0.0.1'),
(731, '2016-08-30 04:16:35', 'RONALDO.RONQUILLO', '[LEAVE] VIEWED MY LEAVE MASTERLIST', '127.0.0.1'),
(732, '2016-08-30 04:16:44', 'RONALDO.RONQUILLO', '[LEAVE] VIEWED MY LEAVE MASTERLIST', '127.0.0.1'),
(733, '2016-08-30 04:17:53', 'RONALDO.RONQUILLO', '[LEAVE] VIEWED MY LEAVE MASTERLIST', '127.0.0.1'),
(734, '2016-08-30 04:17:58', 'RONALDO.RONQUILLO', '[LEAVE] VIEWED RECORD ID: 3', '127.0.0.1'),
(735, '2016-08-30 04:18:07', 'RONALDO.RONQUILLO', '[LEAVE] VIEWED RECORD ID: 3', '127.0.0.1'),
(736, '2016-08-30 04:18:34', 'RONALDO.RONQUILLO', '[LEAVE] VIEWED MY LEAVE MASTERLIST', '127.0.0.1'),
(737, '2016-08-30 04:20:48', 'RONALDO.RONQUILLO', '[LEAVE] VIEWED MY LEAVE MASTERLIST', '127.0.0.1'),
(738, '2016-08-30 04:20:50', 'RONALDO.RONQUILLO', '[LEAVE] VIEWED RECORD ID: 3', '127.0.0.1'),
(739, '2016-08-30 04:21:17', 'RONALDO.RONQUILLO', '[LEAVE] VIEWED RECORD ID: 3', '127.0.0.1'),
(740, '2016-08-30 04:21:49', 'RONALDO.RONQUILLO', '[LEAVE] VIEWED RECORD ID: 3', '127.0.0.1'),
(741, '2016-08-30 04:23:11', 'RONALDO.RONQUILLO', '[LEAVE] VIEWED MY LEAVE MASTERLIST', '127.0.0.1'),
(742, '2016-08-30 04:23:13', 'RONALDO.RONQUILLO', '[LEAVE] VIEWED RECORD ID: 3', '127.0.0.1'),
(743, '2016-08-30 04:23:50', 'RONALDO.RONQUILLO', '[LEAVE] VIEWED RECORD ID: 3', '127.0.0.1'),
(744, '2016-08-30 04:27:41', 'RONALDO.RONQUILLO', 'LOGGED OUT TO SYSTEM', '127.0.0.1'),
(745, '2016-08-30 04:27:57', 'EDWARD.BRINAS', 'LOGGED TO SYSTEM', '127.0.0.1'),
(746, '2016-08-30 04:30:43', 'EDWARD.BRINAS', '[LEAVE] VIEWED MASTERFILE', '127.0.0.1'),
(747, '2016-08-30 04:30:45', 'EDWARD.BRINAS', '[LEAVE] VIEWED MY LEAVE MASTERLIST', '127.0.0.1'),
(748, '2016-08-30 04:31:15', 'EDWARD.BRINAS', '[LEAVE] VIEWED EDIT RECORD ID: 2', '127.0.0.1'),
(749, '2016-08-30 04:33:25', 'EDWARD.BRINAS', '[LEAVE] VIEWED EDIT RECORD ID: 2', '127.0.0.1'),
(750, '2016-08-30 04:35:10', 'EDWARD.BRINAS', '[LEAVE] VIEWED EDIT RECORD ID: 2', '127.0.0.1'),
(751, '2016-08-30 04:50:19', 'EDWARD.BRINAS', '[LEAVE] VIEWED MY LEAVE MASTERLIST', '127.0.0.1'),
(752, '2016-08-30 04:50:36', 'EDWARD.BRINAS', '[LEAVE] VIEWED EDIT RECORD ID: 2', '127.0.0.1'),
(753, '2016-08-30 04:54:10', 'EDWARD.BRINAS', '[LEAVE] VIEWED EDIT RECORD ID: 2', '127.0.0.1'),
(754, '2016-08-30 04:54:17', 'EDWARD.BRINAS', '[MONITORING] VIEWED MASTERLIST', '127.0.0.1'),
(755, '2016-08-30 04:54:20', 'EDWARD.BRINAS', '[MONITORING] VIEWED ADD RECORD', '127.0.0.1'),
(756, '2016-08-30 04:55:08', 'EDWARD.BRINAS', '[LEAVE] VIEWED EDIT RECORD ID: 2', '127.0.0.1'),
(757, '2016-08-30 04:56:09', 'EDWARD.BRINAS', '[LEAVE] VIEWED EDIT RECORD ID: 2', '127.0.0.1'),
(758, '2016-08-30 04:56:58', 'EDWARD.BRINAS', '[LEAVE] VIEWED EDIT RECORD ID: 2', '127.0.0.1'),
(759, '2016-08-30 05:08:04', 'EDWARD.BRINAS', '[LEAVE] VIEWED EDIT RECORD ID: 2', '127.0.0.1'),
(760, '2016-08-30 05:22:17', 'EDWARD.BRINAS', '[LEAVE] VIEWED EDIT RECORD ID: 2', '127.0.0.1'),
(761, '2016-08-30 05:22:32', 'EDWARD.BRINAS', '[LEAVE] UPDATED RECORD DETAILS ID: 2', '127.0.0.1'),
(762, '2016-08-30 05:22:32', 'EDWARD.BRINAS', '[LEAVE DETAILS] UPDATED RECORD DETAILS ID: 2', '127.0.0.1'),
(763, '2016-08-30 05:22:35', 'EDWARD.BRINAS', '[LEAVE] VIEWED MY LEAVE MASTERLIST', '127.0.0.1'),
(764, '2016-08-30 05:23:08', 'EDWARD.BRINAS', '[LEAVE] VIEWED EDIT RECORD ID: 2', '127.0.0.1'),
(765, '2016-08-30 05:23:30', 'EDWARD.BRINAS', '[LEAVE DETAILS] DELETED RECORD DETAILS ID: 2', '127.0.0.1'),
(766, '2016-08-30 05:23:30', 'EDWARD.BRINAS', '[LEAVE] DELETED RECORD ID: 2', '127.0.0.1'),
(767, '2016-08-30 05:23:30', 'EDWARD.BRINAS', '[LEAVE DETAILS] ADDED RECORD ID: 4', '127.0.0.1'),
(768, '2016-08-30 05:23:31', 'EDWARD.BRINAS', '[LEAVE] VIEWED MY LEAVE MASTERLIST', '127.0.0.1'),
(769, '2016-08-30 05:25:02', 'EDWARD.BRINAS', '[LEAVE] VIEWED ADD RECORD', '127.0.0.1'),
(770, '2016-08-30 05:25:18', 'EDWARD.BRINAS', '[LEAVE] VIEWED ADD RECORD', '127.0.0.1'),
(771, '2016-08-30 05:26:14', 'EDWARD.BRINAS', '[LEAVE] VIEWED ADD RECORD', '127.0.0.1'),
(772, '2016-08-30 05:26:36', 'EDWARD.BRINAS', '[LEAVE] VIEWED ADD RECORD', '127.0.0.1'),
(773, '2016-08-30 05:26:38', 'EDWARD.BRINAS', '[LEAVE] VIEWED ADD RECORD', '127.0.0.1'),
(774, '2016-08-30 05:28:45', 'EDWARD.BRINAS', '[LEAVE] VIEWED ADD RECORD', '127.0.0.1'),
(775, '2016-08-30 05:28:52', 'EDWARD.BRINAS', '[LEAVE] VIEWED ADD RECORD', '127.0.0.1'),
(776, '2016-08-30 05:29:11', 'EDWARD.BRINAS', '[LEAVE] VIEWED ADD RECORD', '127.0.0.1'),
(777, '2016-08-30 05:29:34', 'EDWARD.BRINAS', '[LEAVE DETAILS] ADDED RECORD ID: 5', '127.0.0.1'),
(778, '2016-08-30 05:29:35', 'EDWARD.BRINAS', '[LEAVE] ADDED RECORD ID: 73', '127.0.0.1'),
(779, '2016-08-30 05:30:16', 'EDWARD.BRINAS', '[LEAVE] VIEWED ADD RECORD', '127.0.0.1'),
(780, '2016-08-30 05:30:24', 'EDWARD.BRINAS', '[LEAVE] VIEWED CALENDAR RECORD MASTERLIST DATE 2016-08-30', '127.0.0.1'),
(781, '2016-08-30 05:30:32', 'EDWARD.BRINAS', '[LEAVE] VIEWED ADD RECORD', '127.0.0.1'),
(782, '2016-08-30 05:30:35', 'EDWARD.BRINAS', '[LEAVE] VIEWED ADD RECORD', '127.0.0.1'),
(783, '2016-08-30 05:30:41', 'EDWARD.BRINAS', '[LEAVE] VIEWED ADD RECORD', '127.0.0.1'),
(784, '2016-08-30 05:30:44', 'EDWARD.BRINAS', '[LEAVE] VIEWED ADD RECORD', '127.0.0.1'),
(785, '2016-08-30 05:30:48', 'EDWARD.BRINAS', '[LEAVE] VIEWED ADD RECORD', '127.0.0.1'),
(786, '2016-08-30 05:31:08', 'EDWARD.BRINAS', '[LEAVE] VIEWED ADD RECORD', '127.0.0.1'),
(787, '2016-08-30 05:31:13', 'EDWARD.BRINAS', '[LEAVE] VIEWED CALENDAR RECORD MASTERLIST DATE 2016-08-31', '127.0.0.1'),
(788, '2016-08-30 05:31:17', 'EDWARD.BRINAS', '[LEAVE] VIEWED ADD RECORD', '127.0.0.1'),
(789, '2016-08-30 05:31:20', 'EDWARD.BRINAS', '[LEAVE] VIEWED CALENDAR RECORD MASTERLIST DATE 2016-09-01', '127.0.0.1'),
(790, '2016-08-30 05:31:34', 'EDWARD.BRINAS', '[LEAVE] VIEWED ADD RECORD', '127.0.0.1'),
(791, '2016-08-30 05:31:37', 'EDWARD.BRINAS', '[LEAVE] VIEWED ADD RECORD', '127.0.0.1'),
(792, '2016-08-30 05:31:40', 'EDWARD.BRINAS', '[LEAVE] VIEWED CALENDAR RECORD MASTERLIST DATE 2016-08-30', '127.0.0.1'),
(793, '2016-08-30 05:32:09', 'EDWARD.BRINAS', '[LEAVE] VIEWED MASTERFILE', '127.0.0.1'),
(794, '2016-08-30 05:32:12', 'EDWARD.BRINAS', '[LEAVE] VIEWED CALENDAR RECORD MASTERLIST DATE 2016-08-31', '127.0.0.1'),
(795, '2016-08-30 05:33:21', 'EDWARD.BRINAS', '[LEAVE] VIEWED MY LEAVE MASTERLIST', '127.0.0.1'),
(796, '2016-08-30 05:33:23', 'EDWARD.BRINAS', '[LEAVE] VIEWED EDIT RECORD ID: 5', '127.0.0.1'),
(797, '2016-08-30 05:33:54', 'EDWARD.BRINAS', '[LEAVE] VIEWED ADD RECORD', '127.0.0.1'),
(798, '2016-08-30 05:34:07', 'EDWARD.BRINAS', '[LEAVE DETAILS] ADDED RECORD ID: 6', '127.0.0.1'),
(799, '2016-08-30 05:34:07', 'EDWARD.BRINAS', '[LEAVE] ADDED RECORD ID: 74', '127.0.0.1'),
(800, '2016-08-30 05:34:09', 'EDWARD.BRINAS', '[LEAVE] VIEWED ADD RECORD', '127.0.0.1'),
(801, '2016-08-30 05:34:12', 'EDWARD.BRINAS', '[LEAVE] VIEWED CALENDAR RECORD MASTERLIST DATE 2016-08-30', '127.0.0.1'),
(802, '2016-08-30 05:37:29', 'EDWARD.BRINAS', '[LEAVE] VIEWED ADD RECORD', '127.0.0.1'),
(803, '2016-08-30 05:37:37', 'EDWARD.BRINAS', '[LEAVE DETAILS] ADDED RECORD ID: 7', '127.0.0.1'),
(804, '2016-08-30 05:37:37', 'EDWARD.BRINAS', '[LEAVE] ADDED RECORD ID: 75', '127.0.0.1'),
(805, '2016-08-30 05:37:53', 'EDWARD.BRINAS', '[LEAVE] VIEWED ADD RECORD', '127.0.0.1'),
(806, '2016-08-30 05:40:44', 'EDWARD.BRINAS', '[LEAVE] VIEWED ADD RECORD', '127.0.0.1'),
(807, '2016-08-30 05:40:57', 'EDWARD.BRINAS', '[LEAVE] VIEWED ADD RECORD', '127.0.0.1'),
(808, '2016-08-30 05:41:46', 'EDWARD.BRINAS', '[LEAVE] VIEWED ADD RECORD', '127.0.0.1'),
(809, '2016-08-30 05:41:56', 'EDWARD.BRINAS', '[LEAVE DETAILS] ADDED RECORD ID: 8', '127.0.0.1'),
(810, '2016-08-30 05:41:56', 'EDWARD.BRINAS', '[LEAVE] ADDED RECORD ID: 76', '127.0.0.1'),
(811, '2016-08-30 05:41:56', 'EDWARD.BRINAS', '[LEAVE] ADDED RECORD ID: 77', '127.0.0.1'),
(812, '2016-08-30 05:41:56', 'EDWARD.BRINAS', '[LEAVE] ADDED RECORD ID: 78', '127.0.0.1'),
(813, '2016-08-30 05:41:56', 'EDWARD.BRINAS', '[LEAVE] ADDED RECORD ID: 79', '127.0.0.1'),
(814, '2016-08-30 05:41:56', 'EDWARD.BRINAS', '[LEAVE] ADDED RECORD ID: 80', '127.0.0.1'),
(815, '2016-08-30 05:41:56', 'EDWARD.BRINAS', '[LEAVE] ADDED RECORD ID: 81', '127.0.0.1'),
(816, '2016-08-30 05:41:56', 'EDWARD.BRINAS', '[LEAVE] ADDED RECORD ID: 82', '127.0.0.1'),
(817, '2016-08-30 05:41:56', 'EDWARD.BRINAS', '[LEAVE] ADDED RECORD ID: 83', '127.0.0.1'),
(818, '2016-08-30 05:41:56', 'EDWARD.BRINAS', '[LEAVE] ADDED RECORD ID: 84', '127.0.0.1'),
(819, '2016-08-30 05:41:56', 'EDWARD.BRINAS', '[LEAVE] ADDED RECORD ID: 85', '127.0.0.1'),
(820, '2016-08-30 05:41:56', 'EDWARD.BRINAS', '[LEAVE] ADDED RECORD ID: 86', '127.0.0.1'),
(821, '2016-08-30 05:41:56', 'EDWARD.BRINAS', '[LEAVE] ADDED RECORD ID: 87', '127.0.0.1'),
(822, '2016-08-30 05:41:56', 'EDWARD.BRINAS', '[LEAVE] ADDED RECORD ID: 88', '127.0.0.1'),
(823, '2016-08-30 05:41:56', 'EDWARD.BRINAS', '[LEAVE] ADDED RECORD ID: 89', '127.0.0.1'),
(824, '2016-08-30 05:41:56', 'EDWARD.BRINAS', '[LEAVE] ADDED RECORD ID: 90', '127.0.0.1'),
(825, '2016-08-30 05:41:56', 'EDWARD.BRINAS', '[LEAVE] ADDED RECORD ID: 91', '127.0.0.1'),
(826, '2016-08-30 05:41:56', 'EDWARD.BRINAS', '[LEAVE] ADDED RECORD ID: 92', '127.0.0.1'),
(827, '2016-08-30 05:41:56', 'EDWARD.BRINAS', '[LEAVE] ADDED RECORD ID: 93', '127.0.0.1'),
(828, '2016-08-30 05:41:56', 'EDWARD.BRINAS', '[LEAVE] ADDED RECORD ID: 94', '127.0.0.1'),
(829, '2016-08-30 05:41:56', 'EDWARD.BRINAS', '[LEAVE] ADDED RECORD ID: 95', '127.0.0.1'),
(830, '2016-08-30 05:41:56', 'EDWARD.BRINAS', '[LEAVE] ADDED RECORD ID: 96', '127.0.0.1'),
(831, '2016-08-30 05:41:56', 'EDWARD.BRINAS', '[LEAVE] ADDED RECORD ID: 97', '127.0.0.1'),
(832, '2016-08-30 05:41:56', 'EDWARD.BRINAS', '[LEAVE] ADDED RECORD ID: 98', '127.0.0.1'),
(833, '2016-08-30 05:41:59', 'EDWARD.BRINAS', '[LEAVE] VIEWED ADD RECORD', '127.0.0.1'),
(834, '2016-08-30 05:42:25', 'EDWARD.BRINAS', '[LEAVE] VIEWED ADD RECORD', '127.0.0.1'),
(835, '2016-08-30 05:44:10', 'EDWARD.BRINAS', '[LEAVE] VIEWED MY LEAVE MASTERLIST', '127.0.0.1'),
(836, '2016-08-30 05:44:12', 'EDWARD.BRINAS', '[LEAVE] VIEWED EDIT RECORD ID: 8', '127.0.0.1'),
(837, '2016-08-30 05:44:19', 'EDWARD.BRINAS', '[LEAVE] UPDATED RECORD DETAILS ID: 8', '127.0.0.1'),
(838, '2016-08-30 05:44:19', 'EDWARD.BRINAS', '[LEAVE DETAILS] UPDATED RECORD DETAILS ID: 8', '127.0.0.1'),
(839, '2016-08-30 05:44:20', 'EDWARD.BRINAS', '[LEAVE] VIEWED MY LEAVE MASTERLIST', '127.0.0.1'),
(840, '2016-08-30 05:44:37', 'EDWARD.BRINAS', '[LEAVE] VIEWED EDIT RECORD ID: 8', '127.0.0.1'),
(841, '2016-08-30 05:44:47', 'EDWARD.BRINAS', '[LEAVE DETAILS] DELETED RECORD DETAILS ID: 8', '127.0.0.1'),
(842, '2016-08-30 05:44:47', 'EDWARD.BRINAS', '[LEAVE] DELETED RECORD ID: 8', '127.0.0.1'),
(843, '2016-08-30 05:44:47', 'EDWARD.BRINAS', '[LEAVE DETAILS] ADDED RECORD ID: 9', '127.0.0.1'),
(844, '2016-08-30 05:44:47', 'EDWARD.BRINAS', '[LEAVE] ADDED RECORD ID: 99', '127.0.0.1'),
(845, '2016-08-30 05:44:47', 'EDWARD.BRINAS', '[LEAVE] ADDED RECORD ID: 100', '127.0.0.1'),
(846, '2016-08-30 05:44:47', 'EDWARD.BRINAS', '[LEAVE] ADDED RECORD ID: 101', '127.0.0.1'),
(847, '2016-08-30 05:44:47', 'EDWARD.BRINAS', '[LEAVE] ADDED RECORD ID: 102', '127.0.0.1'),
(848, '2016-08-30 05:44:47', 'EDWARD.BRINAS', '[LEAVE] ADDED RECORD ID: 103', '127.0.0.1'),
(849, '2016-08-30 05:44:47', 'EDWARD.BRINAS', '[LEAVE] ADDED RECORD ID: 104', '127.0.0.1'),
(850, '2016-08-30 05:44:47', 'EDWARD.BRINAS', '[LEAVE] ADDED RECORD ID: 105', '127.0.0.1'),
(851, '2016-08-30 05:44:47', 'EDWARD.BRINAS', '[LEAVE] ADDED RECORD ID: 106', '127.0.0.1'),
(852, '2016-08-30 05:44:47', 'EDWARD.BRINAS', '[LEAVE] ADDED RECORD ID: 107', '127.0.0.1'),
(853, '2016-08-30 05:44:47', 'EDWARD.BRINAS', '[LEAVE] ADDED RECORD ID: 108', '127.0.0.1'),
(854, '2016-08-30 05:44:47', 'EDWARD.BRINAS', '[LEAVE] ADDED RECORD ID: 109', '127.0.0.1'),
(855, '2016-08-30 05:44:47', 'EDWARD.BRINAS', '[LEAVE] ADDED RECORD ID: 110', '127.0.0.1'),
(856, '2016-08-30 05:44:47', 'EDWARD.BRINAS', '[LEAVE] ADDED RECORD ID: 111', '127.0.0.1'),
(857, '2016-08-30 05:44:47', 'EDWARD.BRINAS', '[LEAVE] ADDED RECORD ID: 112', '127.0.0.1'),
(858, '2016-08-30 05:44:47', 'EDWARD.BRINAS', '[LEAVE] ADDED RECORD ID: 113', '127.0.0.1'),
(859, '2016-08-30 05:44:47', 'EDWARD.BRINAS', '[LEAVE] ADDED RECORD ID: 114', '127.0.0.1'),
(860, '2016-08-30 05:44:47', 'EDWARD.BRINAS', '[LEAVE] ADDED RECORD ID: 115', '127.0.0.1'),
(861, '2016-08-30 05:44:47', 'EDWARD.BRINAS', '[LEAVE] ADDED RECORD ID: 116', '127.0.0.1'),
(862, '2016-08-30 05:44:47', 'EDWARD.BRINAS', '[LEAVE] ADDED RECORD ID: 117', '127.0.0.1'),
(863, '2016-08-30 05:44:47', 'EDWARD.BRINAS', '[LEAVE] ADDED RECORD ID: 118', '127.0.0.1'),
(864, '2016-08-30 05:44:47', 'EDWARD.BRINAS', '[LEAVE] ADDED RECORD ID: 119', '127.0.0.1'),
(865, '2016-08-30 05:44:47', 'EDWARD.BRINAS', '[LEAVE] ADDED RECORD ID: 120', '127.0.0.1'),
(866, '2016-08-30 05:44:47', 'EDWARD.BRINAS', '[LEAVE] ADDED RECORD ID: 121', '127.0.0.1'),
(867, '2016-08-30 05:44:47', 'EDWARD.BRINAS', '[LEAVE] ADDED RECORD ID: 122', '127.0.0.1'),
(868, '2016-08-30 05:44:47', 'EDWARD.BRINAS', '[LEAVE] ADDED RECORD ID: 123', '127.0.0.1'),
(869, '2016-08-30 05:44:47', 'EDWARD.BRINAS', '[LEAVE] ADDED RECORD ID: 124', '127.0.0.1'),
(870, '2016-08-30 05:44:47', 'EDWARD.BRINAS', '[LEAVE] ADDED RECORD ID: 125', '127.0.0.1'),
(871, '2016-08-30 05:44:47', 'EDWARD.BRINAS', '[LEAVE] ADDED RECORD ID: 126', '127.0.0.1'),
(872, '2016-08-30 05:44:48', 'EDWARD.BRINAS', '[LEAVE] VIEWED MY LEAVE MASTERLIST', '127.0.0.1'),
(873, '2016-08-30 05:47:21', 'EDWARD.BRINAS', '[LEAVE] VIEWED MY LEAVE MASTERLIST', '127.0.0.1'),
(874, '2016-08-30 05:47:24', 'EDWARD.BRINAS', '[LEAVE] VIEWED ADD RECORD', '127.0.0.1'),
(875, '2016-08-30 05:47:32', 'EDWARD.BRINAS', '[LEAVE DETAILS] ADDED RECORD ID: 10', '127.0.0.1'),
(876, '2016-08-30 05:47:32', 'EDWARD.BRINAS', '[LEAVE] ADDED RECORD ID: 127', '127.0.0.1'),
(877, '2016-08-30 05:47:32', 'EDWARD.BRINAS', '[LEAVE] ADDED RECORD ID: 128', '127.0.0.1'),
(878, '2016-08-30 05:47:32', 'EDWARD.BRINAS', '[LEAVE] ADDED RECORD ID: 129', '127.0.0.1'),
(879, '2016-08-30 05:47:32', 'EDWARD.BRINAS', '[LEAVE] ADDED RECORD ID: 130', '127.0.0.1'),
(880, '2016-08-30 05:47:32', 'EDWARD.BRINAS', '[LEAVE] ADDED RECORD ID: 131', '127.0.0.1'),
(881, '2016-08-30 05:47:32', 'EDWARD.BRINAS', '[LEAVE] ADDED RECORD ID: 132', '127.0.0.1'),
(882, '2016-08-30 05:47:32', 'EDWARD.BRINAS', '[LEAVE] ADDED RECORD ID: 133', '127.0.0.1'),
(883, '2016-08-30 05:47:32', 'EDWARD.BRINAS', '[LEAVE] ADDED RECORD ID: 134', '127.0.0.1'),
(884, '2016-08-30 05:47:32', 'EDWARD.BRINAS', '[LEAVE] ADDED RECORD ID: 135', '127.0.0.1'),
(885, '2016-08-30 05:47:32', 'EDWARD.BRINAS', '[LEAVE] ADDED RECORD ID: 136', '127.0.0.1'),
(886, '2016-08-30 05:47:32', 'EDWARD.BRINAS', '[LEAVE] ADDED RECORD ID: 137', '127.0.0.1'),
(887, '2016-08-30 05:47:32', 'EDWARD.BRINAS', '[LEAVE] ADDED RECORD ID: 138', '127.0.0.1'),
(888, '2016-08-30 05:47:32', 'EDWARD.BRINAS', '[LEAVE] ADDED RECORD ID: 139', '127.0.0.1'),
(889, '2016-08-30 05:47:32', 'EDWARD.BRINAS', '[LEAVE] ADDED RECORD ID: 140', '127.0.0.1'),
(890, '2016-08-30 05:47:32', 'EDWARD.BRINAS', '[LEAVE] ADDED RECORD ID: 141', '127.0.0.1'),
(891, '2016-08-30 05:47:32', 'EDWARD.BRINAS', '[LEAVE] ADDED RECORD ID: 142', '127.0.0.1'),
(892, '2016-08-30 05:47:32', 'EDWARD.BRINAS', '[LEAVE] ADDED RECORD ID: 143', '127.0.0.1'),
(893, '2016-08-30 05:47:32', 'EDWARD.BRINAS', '[LEAVE] ADDED RECORD ID: 144', '127.0.0.1'),
(894, '2016-08-30 05:47:32', 'EDWARD.BRINAS', '[LEAVE] ADDED RECORD ID: 145', '127.0.0.1'),
(895, '2016-08-30 05:47:32', 'EDWARD.BRINAS', '[LEAVE] ADDED RECORD ID: 146', '127.0.0.1'),
(896, '2016-08-30 05:47:32', 'EDWARD.BRINAS', '[LEAVE] ADDED RECORD ID: 147', '127.0.0.1'),
(897, '2016-08-30 05:47:32', 'EDWARD.BRINAS', '[LEAVE] ADDED RECORD ID: 148', '127.0.0.1'),
(898, '2016-08-30 05:47:32', 'EDWARD.BRINAS', '[LEAVE] ADDED RECORD ID: 149', '127.0.0.1'),
(899, '2016-08-30 05:47:33', 'EDWARD.BRINAS', '[LEAVE] VIEWED ADD RECORD', '127.0.0.1'),
(900, '2016-08-30 05:48:08', 'EDWARD.BRINAS', '[LEAVE] VIEWED MY LEAVE MASTERLIST', '127.0.0.1'),
(901, '2016-08-30 05:48:11', 'EDWARD.BRINAS', '[LEAVE] VIEWED EDIT RECORD ID: 10', '127.0.0.1'),
(902, '2016-08-30 05:48:41', 'EDWARD.BRINAS', '[LEAVE DETAILS] DELETED RECORD DETAILS ID: 10', '127.0.0.1'),
(903, '2016-08-30 05:48:41', 'EDWARD.BRINAS', '[LEAVE] DELETED RECORD ID: 10', '127.0.0.1'),
(904, '2016-08-30 05:48:41', 'EDWARD.BRINAS', '[LEAVE DETAILS] ADDED RECORD ID: 11', '127.0.0.1'),
(905, '2016-08-30 05:48:41', 'EDWARD.BRINAS', '[LEAVE] ADDED RECORD ID: 150', '127.0.0.1'),
(906, '2016-08-30 05:48:41', 'EDWARD.BRINAS', '[LEAVE] ADDED RECORD ID: 151', '127.0.0.1'),
(907, '2016-08-30 05:48:41', 'EDWARD.BRINAS', '[LEAVE] ADDED RECORD ID: 152', '127.0.0.1'),
(908, '2016-08-30 05:48:41', 'EDWARD.BRINAS', '[LEAVE] ADDED RECORD ID: 153', '127.0.0.1'),
(909, '2016-08-30 05:48:41', 'EDWARD.BRINAS', '[LEAVE] ADDED RECORD ID: 154', '127.0.0.1'),
(910, '2016-08-30 05:48:41', 'EDWARD.BRINAS', '[LEAVE] ADDED RECORD ID: 155', '127.0.0.1'),
(911, '2016-08-30 05:48:41', 'EDWARD.BRINAS', '[LEAVE] ADDED RECORD ID: 156', '127.0.0.1'),
(912, '2016-08-30 05:48:41', 'EDWARD.BRINAS', '[LEAVE] ADDED RECORD ID: 157', '127.0.0.1'),
(913, '2016-08-30 05:48:44', 'EDWARD.BRINAS', '[LEAVE] VIEWED MY LEAVE MASTERLIST', '127.0.0.1'),
(914, '2016-08-30 05:48:59', 'EDWARD.BRINAS', '[LEAVE] VIEWED EDIT RECORD ID: 11', '127.0.0.1'),
(915, '2016-08-30 05:49:06', 'EDWARD.BRINAS', '[LEAVE] UPDATED RECORD DETAILS ID: 11', '127.0.0.1'),
(916, '2016-08-30 05:49:06', 'EDWARD.BRINAS', '[LEAVE DETAILS] UPDATED RECORD DETAILS ID: 11', '127.0.0.1'),
(917, '2016-08-30 05:49:07', 'EDWARD.BRINAS', '[LEAVE] VIEWED MY LEAVE MASTERLIST', '127.0.0.1'),
(918, '2016-08-30 05:49:21', 'EDWARD.BRINAS', '[LEAVE] VIEWED EDIT RECORD ID: 11', '127.0.0.1'),
(919, '2016-08-30 05:49:32', 'EDWARD.BRINAS', '[LEAVE DETAILS] DELETED RECORD DETAILS ID: 11', '127.0.0.1'),
(920, '2016-08-30 05:49:32', 'EDWARD.BRINAS', '[LEAVE] DELETED RECORD ID: 11', '127.0.0.1'),
(921, '2016-08-30 05:49:32', 'EDWARD.BRINAS', '[LEAVE DETAILS] ADDED RECORD ID: 12', '127.0.0.1'),
(922, '2016-08-30 05:49:32', 'EDWARD.BRINAS', '[LEAVE] ADDED RECORD ID: 158', '127.0.0.1'),
(923, '2016-08-30 05:49:32', 'EDWARD.BRINAS', '[LEAVE] ADDED RECORD ID: 159', '127.0.0.1'),
(924, '2016-08-30 05:49:32', 'EDWARD.BRINAS', '[LEAVE] ADDED RECORD ID: 160', '127.0.0.1'),
(925, '2016-08-30 05:49:32', 'EDWARD.BRINAS', '[LEAVE] ADDED RECORD ID: 161', '127.0.0.1'),
(926, '2016-08-30 05:49:32', 'EDWARD.BRINAS', '[LEAVE] ADDED RECORD ID: 162', '127.0.0.1'),
(927, '2016-08-30 05:49:32', 'EDWARD.BRINAS', '[LEAVE] ADDED RECORD ID: 163', '127.0.0.1'),
(928, '2016-08-30 05:49:32', 'EDWARD.BRINAS', '[LEAVE] ADDED RECORD ID: 164', '127.0.0.1'),
(929, '2016-08-30 05:49:32', 'EDWARD.BRINAS', '[LEAVE] ADDED RECORD ID: 165', '127.0.0.1'),
(930, '2016-08-30 05:49:32', 'EDWARD.BRINAS', '[LEAVE] ADDED RECORD ID: 166', '127.0.0.1'),
(931, '2016-08-30 05:49:32', 'EDWARD.BRINAS', '[LEAVE] ADDED RECORD ID: 167', '127.0.0.1'),
(932, '2016-08-30 05:49:32', 'EDWARD.BRINAS', '[LEAVE] ADDED RECORD ID: 168', '127.0.0.1'),
(933, '2016-08-30 05:49:32', 'EDWARD.BRINAS', '[LEAVE] ADDED RECORD ID: 169', '127.0.0.1'),
(934, '2016-08-30 05:49:32', 'EDWARD.BRINAS', '[LEAVE] ADDED RECORD ID: 170', '127.0.0.1'),
(935, '2016-08-30 05:49:32', 'EDWARD.BRINAS', '[LEAVE] ADDED RECORD ID: 171', '127.0.0.1'),
(936, '2016-08-30 05:49:32', 'EDWARD.BRINAS', '[LEAVE] ADDED RECORD ID: 172', '127.0.0.1'),
(937, '2016-08-30 05:49:32', 'EDWARD.BRINAS', '[LEAVE] ADDED RECORD ID: 173', '127.0.0.1'),
(938, '2016-08-30 05:49:32', 'EDWARD.BRINAS', '[LEAVE] ADDED RECORD ID: 174', '127.0.0.1'),
(939, '2016-08-30 05:49:32', 'EDWARD.BRINAS', '[LEAVE] ADDED RECORD ID: 175', '127.0.0.1'),
(940, '2016-08-30 05:49:34', 'EDWARD.BRINAS', '[LEAVE] VIEWED MY LEAVE MASTERLIST', '127.0.0.1'),
(941, '2016-08-30 05:50:05', 'EDWARD.BRINAS', '[LEAVE] VIEWED ADD RECORD', '127.0.0.1'),
(942, '2016-08-30 05:50:08', 'EDWARD.BRINAS', '[LEAVE] VIEWED CALENDAR RECORD MASTERLIST DATE 2016-08-30', '127.0.0.1'),
(943, '2016-08-30 05:50:13', 'EDWARD.BRINAS', '[LEAVE] VIEWED CALENDAR RECORD MASTERLIST DATE 2016-08-31', '127.0.0.1'),
(944, '2016-08-30 05:50:31', 'EDWARD.BRINAS', '[LEAVE] VIEWED ADD RECORD', '127.0.0.1'),
(945, '2016-08-30 05:50:34', 'EDWARD.BRINAS', '[LEAVE] VIEWED CALENDAR RECORD MASTERLIST DATE 2016-08-31', '127.0.0.1'),
(946, '2016-08-30 05:50:42', 'EDWARD.BRINAS', '[LEAVE] VIEWED ADD RECORD', '127.0.0.1'),
(947, '2016-08-30 05:50:44', 'EDWARD.BRINAS', '[LEAVE] VIEWED CALENDAR RECORD MASTERLIST DATE 2016-09-22', '127.0.0.1'),
(948, '2016-08-30 05:51:01', 'EDWARD.BRINAS', '[LEAVE] VIEWED ADD RECORD', '127.0.0.1'),
(949, '2016-08-30 05:51:04', 'EDWARD.BRINAS', '[LEAVE] VIEWED ADD RECORD', '127.0.0.1'),
(950, '2016-08-30 05:51:08', 'EDWARD.BRINAS', '[LEAVE] VIEWED CALENDAR RECORD MASTERLIST DATE 2016-09-22', '127.0.0.1'),
(951, '2016-08-30 05:51:16', 'EDWARD.BRINAS', '[LEAVE] VIEWED CALENDAR RECORD MASTERLIST DATE 2016-09-22', '127.0.0.1'),
(952, '2016-08-30 05:52:15', 'EDWARD.BRINAS', '[LEAVE] VIEWED CALENDAR RECORD MASTERLIST DATE 2016-09-18', '127.0.0.1'),
(953, '2016-08-30 05:52:23', 'EDWARD.BRINAS', '[LEAVE] VIEWED MY LEAVE MASTERLIST', '127.0.0.1'),
(954, '2016-08-30 05:52:26', 'EDWARD.BRINAS', '[LEAVE] VIEWED RECORD ID: 12', '127.0.0.1'),
(955, '2016-08-30 05:52:55', 'EDWARD.BRINAS', '[LEAVE] VIEWED RECORD ID: 12', '127.0.0.1'),
(956, '2016-08-30 05:53:06', 'EDWARD.BRINAS', '[LEAVE] VIEWED ADD RECORD', '127.0.0.1'),
(957, '2016-08-30 05:53:08', 'EDWARD.BRINAS', '[LEAVE] VIEWED CALENDAR RECORD MASTERLIST DATE 2016-08-30', '127.0.0.1'),
(958, '2016-08-30 05:54:06', 'EDWARD.BRINAS', '[LEAVE] VIEWED CALENDAR RECORD MASTERLIST DATE 2016-08-31', '127.0.0.1'),
(959, '2016-08-30 05:55:08', 'EDWARD.BRINAS', '[LEAVE] VIEWED MY LEAVE MASTERLIST', '127.0.0.1'),
(960, '2016-08-30 05:55:10', 'EDWARD.BRINAS', '[LEAVE] VIEWED RECORD ID: 12', '127.0.0.1'),
(961, '2016-08-30 05:55:35', 'EDWARD.BRINAS', '[LEAVE] VIEWED RECORD ID: 12', '127.0.0.1'),
(962, '2016-08-30 05:55:38', 'EDWARD.BRINAS', '[LEAVE] VIEWED MY LEAVE MASTERLIST', '127.0.0.1'),
(963, '2016-08-30 05:55:40', 'EDWARD.BRINAS', '[LEAVE] VIEWED RECORD ID: 12', '127.0.0.1'),
(964, '2016-08-30 05:55:44', 'EDWARD.BRINAS', '[LEAVE] VIEWED MY LEAVE MASTERLIST', '127.0.0.1'),
(965, '2016-08-30 05:55:56', 'EDWARD.BRINAS', '[LEAVE] VIEWED ADD RECORD', '127.0.0.1'),
(966, '2016-08-30 05:55:59', 'EDWARD.BRINAS', '[LEAVE] VIEWED CALENDAR RECORD MASTERLIST DATE 2016-08-30', '127.0.0.1'),
(967, '2016-08-30 05:56:41', 'EDWARD.BRINAS', '[LEAVE] VIEWED CALENDAR RECORD MASTERLIST DATE 2016-08-31', '127.0.0.1'),
(968, '2016-08-30 05:56:49', 'EDWARD.BRINAS', '[LEAVE] VIEWED CALENDAR RECORD MASTERLIST DATE 2016-08-31', '127.0.0.1'),
(969, '2016-08-30 05:56:52', 'EDWARD.BRINAS', '[LEAVE] VIEWED CALENDAR RECORD MASTERLIST DATE 2016-08-30', '127.0.0.1'),
(970, '2016-08-30 05:58:57', 'EDWARD.BRINAS', '[LEAVE] VIEWED MASTERFILE', '127.0.0.1'),
(971, '2016-08-30 05:59:00', 'EDWARD.BRINAS', '[LEAVE] VIEWED CALENDAR RECORD MASTERLIST DATE 2016-08-31', '127.0.0.1'),
(972, '2016-08-30 05:59:07', 'EDWARD.BRINAS', '[LEAVE] VIEWED MASTERFILE', '127.0.0.1'),
(973, '2016-08-30 05:59:09', 'EDWARD.BRINAS', '[LEAVE] VIEWED CALENDAR RECORD MASTERLIST DATE 2016-09-26', '127.0.0.1'),
(974, '2016-08-30 05:59:13', 'EDWARD.BRINAS', '[LEAVE] VIEWED CALENDAR RECORD MASTERLIST DATE 2016-09-29', '127.0.0.1'),
(975, '2016-08-30 05:59:15', 'EDWARD.BRINAS', '[LEAVE] VIEWED MY LEAVE MASTERLIST', '127.0.0.1'),
(976, '2016-08-30 05:59:20', 'EDWARD.BRINAS', '[LEAVE] VIEWED ADD RECORD', '127.0.0.1'),
(977, '2016-08-30 05:59:22', 'EDWARD.BRINAS', '[LEAVE] VIEWED ADD RECORD', '127.0.0.1'),
(978, '2016-08-30 10:11:16', '', 'SESSION TIMED OUT', '127.0.0.1'),
(979, '2016-08-30 10:19:41', 'EDWARD.BRINAS', 'LOGGED TO SYSTEM', '127.0.0.1'),
(980, '2016-08-30 10:19:46', 'EDWARD.BRINAS', '[SERVICE REQUEST] VIEWED MASTERLIST', '127.0.0.1'),
(981, '2016-08-30 10:19:49', 'EDWARD.BRINAS', '[SERVICE REQUEST] VIEWED ADD RECORD', '127.0.0.1'),
(982, '2016-08-30 10:20:31', 'EDWARD.BRINAS', '[SERVICE REQUEST] INVALID FILE TYPE.', '127.0.0.1'),
(983, '2016-08-30 10:20:31', 'EDWARD.BRINAS', '[SERVICE REQUEST] ADDED RECORD ID: 1', '127.0.0.1'),
(984, '2016-08-30 10:20:31', 'EDWARD.BRINAS', '[SERVICE REQUEST - DETAILS] ADDED RECORD ID: 1', '127.0.0.1'),
(985, '2016-08-30 10:20:32', 'EDWARD.BRINAS', '[SERVICE REQUEST] VIEWED MASTERLIST', '127.0.0.1'),
(986, '2016-08-30 10:20:36', 'EDWARD.BRINAS', '[SERVICE REQUEST] VIEWED MY SR MASTERLIST', '127.0.0.1'),
(987, '2016-08-30 10:30:14', 'EDWARD.BRINAS', 'LOGGED OUT TO SYSTEM', '127.0.0.1'),
(988, '2016-08-30 11:11:37', 'ADMINISTRATOR', 'LOGGED TO SYSTEM', '127.0.0.1'),
(989, '2016-08-30 11:12:15', 'ADMINISTRATOR', '[SERVICE REQUEST] VIEWED MASTERLIST', '127.0.0.1'),
(990, '2016-08-30 11:12:18', 'ADMINISTRATOR', '[SERVICE REQUEST] VIEWED FOR APPROVAL MASTERLIST', '127.0.0.1'),
(991, '2016-08-30 11:12:21', 'ADMINISTRATOR', '[SERVICE REQUEST] VIEWED FOR APPROVAL RECORD ID: 1', '127.0.0.1'),
(992, '2016-08-30 11:12:48', 'ADMINISTRATOR', '[SERVICE REQUEST] MODIFIED RECORD ID: 1', '127.0.0.1'),
(993, '2016-08-30 11:12:48', 'ADMINISTRATOR', '[SERVICE REQUEST - DETAILS] ADDED RECORD ID: 2', '127.0.0.1'),
(994, '2016-08-30 11:12:49', 'ADMINISTRATOR', '[SERVICE REQUEST] VIEWED MASTERLIST', '127.0.0.1'),
(995, '2016-08-30 11:12:55', 'ADMINISTRATOR', '[SERVICE REQUEST] VIEWED MASTERLIST', '127.0.0.1'),
(996, '2016-08-30 11:12:57', 'ADMINISTRATOR', '[MONITORING] VIEWED MASTERLIST', '127.0.0.1'),
(997, '2016-08-30 11:13:00', 'ADMINISTRATOR', '[SERVICE REQUEST] VIEWED MASTERLIST', '127.0.0.1'),
(998, '2016-08-30 11:13:05', 'ADMINISTRATOR', '[SERVICE REQUEST] VIEWED EDIT RECORD ID: 1', '127.0.0.1'),
(999, '2016-08-30 11:13:33', 'ADMINISTRATOR', '[SERVICE REQUEST] VIEWED EDIT RECORD ID: 1', '127.0.0.1'),
(1000, '2016-08-30 11:13:37', 'ADMINISTRATOR', '[SERVICE REQUEST] VIEWED MASTERLIST', '127.0.0.1'),
(1001, '2016-08-30 11:13:44', 'ADMINISTRATOR', '[SERVICE REQUEST] VIEWED RECORD ID: 1', '127.0.0.1'),
(1002, '2016-08-30 11:16:45', 'ADMINISTRATOR', '[SERVICE REQUEST] VIEWED EDIT RECORD ID: 1', '127.0.0.1');

-- --------------------------------------------------------

--
-- Table structure for table `data_users`
--

DROP TABLE IF EXISTS `data_users`;
CREATE TABLE IF NOT EXISTS `data_users` (
  `id` int(11) NOT NULL AUTO_INCREMENT,
  `username` varchar(256) NOT NULL,
  `password` varchar(256) NOT NULL,
  `f_name` varchar(256) NOT NULL,
  `m_name` varchar(256) NOT NULL,
  `l_name` varchar(256) NOT NULL,
  `e_add` varchar(256) NOT NULL,
  `e_dept` varchar(256) NOT NULL,
  `status` varchar(2) NOT NULL,
  `enable_notification` varchar(1) NOT NULL,
  `emp_id` varchar(256) NOT NULL,
  PRIMARY KEY (`id`)
) ENGINE=MyISAM AUTO_INCREMENT=29 DEFAULT CHARSET=latin1 COMMENT='System Credentials';

--
-- Dumping data for table `data_users`
--

INSERT INTO `data_users` (`id`, `username`, `password`, `f_name`, `m_name`, `l_name`, `e_add`, `e_dept`, `status`, `enable_notification`, `emp_id`) VALUES
(1, 'administrator', '64bee7167947369630fce568dd4fd935', 'SYSTEM', 'D', 'ADMINISTRATOR', 'EDWARD.BRINAS@DAR-ENGINEERING.COM', 'INFORMATION TECHNOLOGY', 'A', 'D', '100270'),
(15, 'asshehri7', '42f749ade7f9e195bf475f37a44cafcb', 'ABDULLAH', '', 'SHARFHRAN AL-SHEHRI', 'ASSHEHRI7@SE.COM.SA', 'INFORMATION TECHNOLOGY', 'A', 'D', ''),
(14, 'omong', '42f749ade7f9e195bf475f37a44cafcb', 'OMAR', 'M', 'ONG', 'OMONG@SE.COM.SA', 'INFORMATION TECHNOLOGY', 'A', 'D', ''),
(16, 'kanajem', '42f749ade7f9e195bf475f37a44cafcb', 'KHALID ABDULLAH', '', 'DHAKEL AL-NAJEM', 'KANAJEM@NGRID.SA', 'INFORMATION TECHNOLOGY', 'A', 'D', ''),
(17, 'christopher.ramos', '42f749ade7f9e195bf475f37a44cafcb', 'CHRISTOPHER', '', 'RAMOS', 'CHRISTOPHER.RAMOS@DAR-ENGINEERING.COM', 'INFORMATION TECHNOLOGY', 'A', 'D', ''),
(18, 'kaharbi6', '42f749ade7f9e195bf475f37a44cafcb', 'KHALID', '', 'ABDULLAH AL-HARBI', 'KAHARBI6@SE.COM.SA', 'INFORMATION TECHNOLOGY', 'A', 'D', ''),
(19, 'kskhamees2', '42f749ade7f9e195bf475f37a44cafcb', 'KHALID', '', 'SAAD AL-KHAMEES', 'KSKHAMEES2@SE.COM.SA', 'INFORMATION TECHNOLOGY', 'A', 'D', ''),
(20, 'aadowsari', '42f749ade7f9e195bf475f37a44cafcb', 'ABDULAZIZ', '', 'ABDULLAH AL-DOWSARI', 'AADOWSARI@SE.COM.SA', 'INFORMATION TECHNOLOGY', 'A', 'D', ''),
(21, 'aishqiqi', '42f749ade7f9e195bf475f37a44cafcb', 'AHMED IBRAHIM', '', 'AHMED AL-SHQIQI', 'AISHQIQI@NGRID.SA', 'INFORMATION TECHNOLOGY', 'A', 'D', ''),
(22, 'ersantos', '42f749ade7f9e195bf475f37a44cafcb', 'ENRICO', 'R', 'SANTOS', 'ERSANTOS@NGRID.SA', 'INFORMATION TECHNOLOGY', 'A', 'D', ''),
(23, 'jcruz', '42f749ade7f9e195bf475f37a44cafcb', 'JEFFERSON', '', 'CRUZ', 'JCRUZ@SE.COM.SA', 'INFORMATION TECHNOLOGY', 'A', 'D', ''),
(24, 'jncuesta', '42f749ade7f9e195bf475f37a44cafcb', 'JOHN NOEL', '', 'CUESTA', 'JNCUESTA@NGRID.SA', 'INFORMATION TECHNOLOGY', 'A', 'D', ''),
(25, 'ronaldo.ronquillo', '42f749ade7f9e195bf475f37a44cafcb', 'RONALDO', '', 'RONQUILLO', 'RONALDO.RONQUILLO@DAR-ENGINEERING.COM', 'INFORMATION TECHNOLOGY', 'A', 'E', ''),
(26, 'sminfante', '42f749ade7f9e195bf475f37a44cafcb', 'SAMUEL', 'M', 'INFANTE', 'SMINFANTE@NGRID.SA', 'INFORMATION TECHNOLOGY', 'A', 'D', ''),
(27, 'hibatli', '42f749ade7f9e195bf475f37a44cafcb', 'HESHAM IBRAHIM', '', 'AL-BATLI', 'HIBATLI@NGRID.SA', 'INFORMATION TECHNOLOGY', 'A', 'D', ''),
(28, 'edward.brinas', '42f749ade7f9e195bf475f37a44cafcb', 'EDWARD PAUL', 'D', 'BRINAS', 'EDWARD.BRINAS@DAR-ENGINEERING.COM', 'INFORMATION TECHNOLOGY', 'A', 'E', '');

-- --------------------------------------------------------

--
-- Table structure for table `data_user_access`
--

DROP TABLE IF EXISTS `data_user_access`;
CREATE TABLE IF NOT EXISTS `data_user_access` (
  `id` int(11) NOT NULL AUTO_INCREMENT,
  `page_id` double NOT NULL,
  `user_id` double NOT NULL,
  PRIMARY KEY (`id`)
) ENGINE=MyISAM AUTO_INCREMENT=358 DEFAULT CHARSET=latin1 COMMENT='User access';

--
-- Dumping data for table `data_user_access`
--

INSERT INTO `data_user_access` (`id`, `page_id`, `user_id`) VALUES
(346, 6, 1),
(345, 11, 1),
(344, 10, 1),
(343, 7, 1),
(342, 8, 1),
(341, 9, 1),
(250, 6, 15),
(249, 10, 15),
(248, 7, 15),
(159, 6, 14),
(158, 10, 14),
(157, 7, 14),
(247, 8, 15),
(246, 9, 15),
(340, 5, 1),
(339, 4, 1),
(338, 3, 1),
(245, 5, 15),
(337, 2, 1),
(336, 1, 1),
(156, 8, 14),
(155, 9, 14),
(154, 5, 14),
(153, 4, 14),
(244, 4, 15),
(243, 6, 16),
(242, 10, 16),
(241, 7, 16),
(240, 8, 16),
(239, 9, 16),
(238, 5, 16),
(237, 4, 16),
(194, 6, 17),
(193, 10, 17),
(192, 7, 17),
(191, 8, 17),
(190, 9, 17),
(189, 5, 17),
(188, 4, 17),
(208, 6, 18),
(207, 10, 18),
(206, 7, 18),
(205, 8, 18),
(204, 9, 18),
(203, 5, 18),
(202, 4, 18),
(222, 6, 19),
(221, 10, 19),
(220, 7, 19),
(219, 8, 19),
(218, 9, 19),
(217, 5, 19),
(216, 4, 19),
(236, 6, 20),
(235, 10, 20),
(234, 7, 20),
(233, 8, 20),
(232, 9, 20),
(231, 5, 20),
(230, 4, 20),
(264, 6, 21),
(263, 10, 21),
(262, 7, 21),
(261, 8, 21),
(260, 9, 21),
(259, 5, 21),
(258, 4, 21),
(278, 6, 22),
(277, 10, 22),
(276, 7, 22),
(275, 8, 22),
(274, 9, 22),
(273, 5, 22),
(272, 4, 22),
(292, 6, 23),
(291, 10, 23),
(290, 7, 23),
(289, 8, 23),
(288, 9, 23),
(287, 5, 23),
(286, 4, 23),
(306, 6, 24),
(305, 10, 24),
(304, 7, 24),
(303, 8, 24),
(302, 9, 24),
(301, 5, 24),
(300, 4, 24),
(307, 4, 25),
(308, 5, 25),
(309, 9, 25),
(310, 8, 25),
(311, 7, 25),
(312, 10, 25),
(313, 6, 25),
(327, 6, 26),
(326, 10, 26),
(325, 7, 26),
(324, 8, 26),
(323, 9, 26),
(322, 5, 26),
(321, 4, 26),
(328, 4, 27),
(329, 5, 27),
(330, 9, 27),
(331, 8, 27),
(332, 7, 27),
(333, 10, 27),
(334, 11, 27),
(335, 6, 27),
(347, 4, 28),
(348, 5, 28),
(349, 9, 28),
(350, 8, 28),
(351, 7, 28),
(352, 10, 28),
(353, 6, 28),
(357, 11, 29),
(356, 10, 29);

-- --------------------------------------------------------

--
-- Table structure for table `data_user_type`
--

DROP TABLE IF EXISTS `data_user_type`;
CREATE TABLE IF NOT EXISTS `data_user_type` (
  `id` int(11) NOT NULL AUTO_INCREMENT,
  `user_id` double NOT NULL,
  `access_id` double NOT NULL,
  PRIMARY KEY (`id`)
) ENGINE=InnoDB AUTO_INCREMENT=59 DEFAULT CHARSET=latin1 COMMENT='User access type';

--
-- Dumping data for table `data_user_type`
--

INSERT INTO `data_user_type` (`id`, `user_id`, `access_id`) VALUES
(28, 14, 2),
(33, 17, 2),
(35, 18, 2),
(37, 19, 2),
(39, 20, 2),
(40, 16, 2),
(41, 15, 2),
(43, 21, 2),
(45, 22, 2),
(47, 23, 2),
(49, 24, 2),
(50, 25, 2),
(52, 26, 2),
(53, 27, 2),
(54, 27, 4),
(55, 1, 1),
(56, 28, 2),
(58, 29, 2);

/*!40101 SET CHARACTER_SET_CLIENT=@OLD_CHARACTER_SET_CLIENT */;
/*!40101 SET CHARACTER_SET_RESULTS=@OLD_CHARACTER_SET_RESULTS */;
/*!40101 SET COLLATION_CONNECTION=@OLD_COLLATION_CONNECTION */;
